,author,work,born,year,metronome,meter
0,"Mužík, Augustin Eugen",Píseň muže.,1859.0,1894.0,S.Sw.Sw.Sww.|w.Sw.Sw.Sww.|S.w.w.Sw.Sw.w.|w.Sww.w.Sww.|w.w.w.S.S.Sww.|w.S.w.Sw.Sww.|S.w.w.Sw.S.w.S.|w.S.w.Sw.S.ww.|w.Sw.Sw.Sw.w.|w.w.w.w.w.Sw.S.|w.Sw.Sw.Sw.S.|w.Sw.Sw.Sw.S.|w.Swww.Sw.S.|w.S.w.Sw.S.w.S.|w.Sw.Sw.Sww.|w.S.ww.w.Sw.S.|w.Sw.Sw.w.S.w.|w.Sw.Sw.Sw.w.|,J4
1,"Dyk, Viktor",„VOGELFREI“ (VII),1877.0,1922.0,S.S.w.Sww.w.Sw.Sw.Sw.|w.Sw.Sww.w.Sww.w.Sw.|S.S.w.Sww.S.Sw.Swww.|S.S.w.Sww.S.Sw.S.w.Sw.|S.ww.Sww.w.Sw.Sw.Sw.|S.ww.Sww.w.Sw.Sw.Sw.|S.ww.Sww.w.Sw.Sw.Sw.|S.S.w.Sww.w.Sw.Sww.w.|,alex6
2,"Vrchlický, Jaroslav",Poslední láska Dona Juana. (XLVIII.),1853.0,1889.0,Sww.w.Sw.Sw.|w.w.S.w.Sw.Sw.|Sww.w.S.w.Sw.|w.w.Sw.Sw.S.|Sw.Sw.Sw.Sw.|Sw.Sw.Sw.Sw.|Swww.Sw.Sw.|Sw.Sw.w.w.S.|Sww.S.Sw.Sw.|w.S.ww.Swww.|Sw.Sw.Sww.|,T4
3,"Sládek, Josef Václav",BABÍ LÉTO.,1845.0,1907.0,Sw.Sw.Sw.|w.w.Sww.|w.w.Sw.Sw.|Sw.Sw.Sw.|S.w.Sww.|Sw.w.w.Sw.|Sw.Sww.|S.www.Sw.|Swww.Sw.|S.w.Sww.|Swww.Sw.|Sw.Sww.|Sw.Sw.Sw.|S.w.Swww.|Sw.Sww.|Sw.Sw.Sw.|w.w.Sww.|Sw.S.w.Sw.|Sww.w.Sw.|Sw.Sww.|,T3
4,"Dyk, Viktor",ROZCESTÍ,1877.0,1931.0,Sww.Sw.Sw.S.www.|S.Sww.w.Sww.w.Sw.|w.Sw.S.Sww.Sww.|Sww.w.w.Sw.Sww.|Sw.w.Sw.Sw.Sww.|S.Sw.Sw.Sw.Sww.|Sww.Sw.Swwww.|Sww.Sw.Sww.w.Sw.|w.S.www.Sww.S.Sw.|Sww.Sw.w.S.Swww.|w.Sw.S.w.S.w.Sww.|w.Sww.w.Sw.Sw.w.w.|Sw.w.Sw.Sw.Sw.Sw.|w.Sww.S.ww.Sww.|,J5
5,"Hofmeister, Rudolf Richard",Jak s nebe sletlý...,1868.0,1898.0,w.Sw.Sw.Sww.|Sww.Sw.S.ww.|w.S.www.Sww.|S.Sw.Sw.S.ww.|S.Sw.Sw.Sww.|w.Sw.Sw.Sww.|w.Sw.Sw.Sww.|S.S.w.Sw.Sww.|S.S.w.Sw.Sww.|w.Sw.Sw.Sww.|w.Sw.Sw.S.ww.|w.Sw.Sw.S.w.S.|w.Sw.w.w.Sw.S.|Sww.Sw.Sw.S.|w.Sw.Sw.Sw.S.|w.S.w.Sw.Sw.w.|S.w.w.Sw.Sw.S.|w.Sw.Sw.Sw.S.|S.ww.Sw.Sw.S.|w.Sw.Sw.Sw.w.|,J4
6,"Dvořák, Xaver",Mně nechte ji...!,1858.0,1894.0,w.Sw.w.w.Sw.Swww.|w.Sw.Sw.Sww.w.Sw.|w.Sw.Swww.Sw.Sw.|w.S.S.Sw.S.w.Sw.Sw.|S.Sw.Sw.S.w.Sw.Sw.|S.Sw.Sw.Sw.S.w.Sw.|S.Sw.Sw.Sww.w.Sw.|w.S.www.Sw.Sw.Sw.|S.Sw.Sw.Swww.S.w.|w.Swww.Sw.Sw.Sw.|w.Sw.S.w.w.w.Sw.Sw.|w.Sw.Sw.Sw.Sw.Sw.|w.Swww.S.w.Sw.Sw.|w.Sw.Sw.Sw.Sw.Sw.|S.Sw.Sw.S.w.Sw.Sw.|S.Sw.w.w.Sw.Swww.|,J5
7,"Crha, Václav Antonín",Tys má záře.,1836.0,1875.0,w.S.Sw.S.w.Sw.|Sw.Sw.Sww.|Sw.w.w.Sw.Sw.|Sw.Sw.Sww.|Sww.w.Sw.Sw.|Sww.w.Sw.S.|Sw.Sw.Sw.Sw.|Sw.w.w.Sww.|,T4
8,"Frič, Josef Václav",Či jsem já to?,1829.0,1861.0,Sww.Sw.Sw.Sww.|w.Sw.Sw.w.S.ww.Sw.|w.Sw.w.w.Sw.Sww.|w.Sww.S.www.Sww.|w.Sw.S.w.Sw.Sw.w.|w.S.w.Sw.Sw.Sw.w.|w.S.w.Sw.S.w.Sww.w.|w.w.w.w.|w.Sww.w.Sw.Sww.w.|w.Sw.Sww.w.Sww.|S.Sw.S.w.Sw.Sww.|w.Sw.Swww.Sww.w.|w.Sw.S.w.Sw.S.ww.|w.Sw.Sw.Sw.S.ww.|S.w.w.Sw.S.w.Sww.w.|w.w.w.w.|w.Sww.w.S.w.Sw.w.|S.ww.Swww.Swww.|w.Sw.Sw.Sw.Sw.w.|w.Swww.Sww.w.Sw.|w.S.w.S.w.Sw.Sww.|w.Sww.w.Sw.Sww.|w.Sw.S.w.Sw.Sw.Sw.|w.w.w.w.|w.S.w.Sww.w.Sw.S.|w.Sw.Sww.w.Sw.Sw.w.|w.Sw.Sw.Sw.Sww.|w.Sw.Sw.w.w.S.ww.|w.Sww.w.Sw.Sww.|Sw.w.Sw.Sw.Sww.|w.Sw.Sw.w.w.Sw.Sw.Sw.|w.w.w.w.|w.Sww.w.Sw.Sw.S.|w.Sww.w.Swww.S.|w.w.S.ww.Swww.Sw.|w.Sw.w.w.Sw.w.w.Sw.|w.Sw.Sw.Sww.w.Sw.|w.Sw.Sw.w.w.S.w.Sw.|Sww.Swww.Sw.S.w.|w.w.w.w.|w.Sw.Sw.Sw.Sww.|w.Sw.Sw.Sw.Sw.Sw.|w.Sw.S.w.Sw.w.w.Sww.|Sww.Sw.w.w.Sw.Sw.|w.Sw.Sww.w.Sww.|w.Sw.S.w.Sw.S.w.S.|w.Sw.Sw.w.w.Sw.S.w.|w.w.w.w.|,J5
9,"Furch, Vincenc",XVI. Po egyptských pyramídách,1817.0,1874.0,S.www.Swww.|Sw.Swww.|Sw.Sw.Swww.|Sww.w.Sw.|Sw.Sw.Swww.|Sw.Sw.w.w.|Sw.Sww.w.Sw.|S.w.Swww.|w.w.Sw.Sw.Sw.|Sww.w.Sw.|w.S.wwww.Sw.|S.w.w.Sww.|Sww.w.Sw.Sw.|Swww.Sw.|Sw.Sw.Sw.Sw.|Sww.w.Sw.|Sw.Sw.Swww.|Sw.Sw.Sw.|Sww.w.S.w.Sw.|w.Sww.Sw.|Sw.Sw.Swww.|Sw.Sw.Sw.|S.www.S.www.|w.Sw.w.Sw.|Sw.Sw.Swww.|Sw.Sw.w.w.|w.S.ww.Sw.Sw.|Swww.Sw.|,T3_T4
10,"Sušil, František",170. Viz ten obraz; Značí milostníka.,1804.0,1869.0,S.w.Sw.Sw.Swww.|Sw.Sw.Sw.Sw.w.|S.ww.w.Sw.Sw.w.|S.w.Sw.Swww.Sw.|S.w.Sw.Sww.w.Sw.|Sw.w.w.Sw.w.w.w.|Sw.S.w.S.S.Sw.S.|Sw.S.w.Sw.S.w.Sw.|Sw.Sw.Sw.Sw.Sw.|S.w.Sw.Sw.Sw.Sw.|Sw.Sw.Sw.S.w.Sw.|w.w.Sw.Sw.Swww.|Sw.Sw.Sw.Sw.Sw.|S.w.w.w.Sw.Sw.Sw.|,T5
11,"Kamarýt, Josef Vlastimil",694.,1797.0,1834.0,Swww.Sw.|Swww.Sw.|,T3
12,"Macek, Antonín",AŽ BUDEŠ MILOVAT...,1872.0,1918.0,w.Sw.Sw.S.w.Sw.Sw.|w.Sw.Sw.Swww.Sw.|w.Sw.Sw.Sww.w.Sw.|w.S.w.Sw.S.w.Sw.Sw.|S.Sw.w.w.Sw.Swww.|w.Sw.Sw.Sw.Swww.|w.Sw.Sw.Sw.Sw.Sw.|S.Sw.S.w.Sww.w.Sw.|w.Sw.Sw.Sw.Sw.Sw.|S.Sw.w.w.Sw.Sw.Sw.|w.Sw.Sww.w.Sw.Sw.|w.w.S.w.w.Sw.Sw.Sw.|w.Sw.Swww.Sw.Sw.|w.Sw.w.S.Sw.Swww.|S.Sw.Sww.w.S.w.Sw.|w.Sw.Sw.S.w.Sw.Sw.|w.Sw.Sw.Sw.Swww.|w.Sw.Sw.Sw.Sw.Sw.|,J5
13,"Kubka, František",MŮJ SVĚT,1894.0,1925.0,w.S.w.S.w.Sw.S.|w.Sw.Sw.Sw.w.|w.S.S.Sw.Sw.S.|w.Sww.w.Sww.|w.S.w.Sw.Sw.S.|w.Sw.Sw.Sww.|S.ww.Sw.Sw.S.|S.Sww.S.Sww.|S.Sw.Sw.S.ww.|w.Sww.w.Sww.|S.Sw.Sw.S.ww.|w.Sw.Sw.Sw.S.|S.ww.Sw.Sw.w.|w.Sw.Sw.S.ww.|,J4
14,"Bělohrobský, Vojtěch M. V.",Mé srdce bylo pokojno.,1839.0,1883.0,w.Sw.Sw.Sww.|w.Sww.S.Sw.|w.S.w.Sw.Sww.|Sww.Sw.Sw.|w.Sw.Sw.w.w.Sw.Sw.|w.Sww.S.ww.Sw.Sw.|w.Sww.w.Sww.|w.Sw.Sw.Sw.|w.Sww.w.Sw.S.|w.Sw.w.w.Sw.|w.S.www.Sw.Sw.|w.Sww.w.Swww.|w.Sw.w.w.Sww.|w.Sw.Sw.Sw.|w.S.w.Sw.Sww.|w.S.S.Sw.Sw.|w.Sw.Sw.Sw.Sw.|w.Sw.Sw.w.w.Sw.|S.w.w.Sw.Sw.w.|Sww.Sw.Sw.|Sw.w.Sw.Sww.|w.Swww.Sw.|w.Sww.w.Sw.Sw.|w.Sw.Sw.Swww.|S.ww.Sw.Sw.S.|w.Sw.Swww.|Sww.Sw.Sww.|w.Sww.w.Sw.|S.w.w.Sw.Sw.Sw.|S.ww.w.w.Sw.Sw.|,J3_J4
15,"Fischer, Otokar",NAD ŘEKOU,1883.0,1915.0,S.Sw.Sw.Sw.Swww.|S.Sww.w.Sw.Sww.|S.Sw.Sw.Sw.Sw.Sw.|w.Swww.Sw.S.ww.|w.Sw.Sw.Sw.Sw.Sw.|w.Sw.Sw.Sw.Sw.S.|w.Sw.w.S.Sw.Sw.Sw.|w.Sw.Sw.Swwww.|w.Sw.Sw.S.w.S.www.|S.Sww.w.Sw.Sw.w.|S.ww.S.w.Sw.S.w.Sw.|S.ww.Sw.Sw.Sw.w.|,J5
16,"Sládek, Josef Václav",Sen.,1845.0,1891.0,w.S.www.Sww.|w.S.w.Sw.S.|w.Sw.Sw.Sww.|w.Sw.Sw.S.|Sww.Sw.Sww.|S.S.ww.w.S.|w.Swww.Sww.|w.Sw.Sw.S.|w.S.w.Sw.Sww.|S.Sw.Sw.w.|w.Sw.Sw.S.ww.|w.Sw.Sw.w.|w.S.w.S.w.w.w.S.|S.Sw.w.S.w.|Sww.S.w.Sw.w.|w.S.w.Sw.S.|,J3_J4
17,"Haasz, Jaroslav",MODLITBA.,1860.0,1918.0,w.Sw.Sww.w.Sw.S.w.Sw.|w.Sw.Sww.S.Sww.w.S.|w.Sw.Sww.w.Sw.Swww.|w.Sw.Sww.S.Sww.w.S.|w.Sw.Sww.w.S.S.Sw.Sw.|S.Sw.Sww.w.Sw.Sw.S.|w.Sw.Sw.S.w.Sw.Sw.Sw.|S.Sw.S.ww.w.Sw.Sww.|w.Sw.Sww.w.Sw.Sw.Sw.|w.Sw.Sww.S.ww.Sww.|w.S.w.Sww.w.Sw.Sw.Sw.|w.Sw.Sww.w.Sw.Sww.|w.Sw.Sww.w.Sw.Sw.Sw.|w.Sw.Sww.w.Sw.Sww.|w.Sw.Sww.w.Sw.Sw.Sw.|w.Sw.Sww.w.Sw.Sww.|,alex6
18,"Vrchlický, Jaroslav",Zázračný květ.,1853.0,1883.0,w.S.w.S.w.Sw.w.|w.Swww.Sw.S.|w.Sw.Sw.Sw.S.|S.Sw.Sw.Sw.S.|w.Sww.w.Sw.w.|w.Sw.w.w.Sw.S.|w.Sw.Sw.Sww.|S.ww.Sw.Sww.|w.Swww.Sww.|w.Sw.Sw.S.ww.|w.Sw.Sw.Sw.S.|w.Sww.w.Sw.S.|w.Sw.Sw.Sw.w.|w.Sw.Sw.S.w.S.|S.Sw.w.S.Sww.|S.Sw.Sw.Sww.|w.Sww.S.Sww.|S.www.w.Sww.|w.Sw.Sw.Sww.|Sw.w.Sw.S.ww.|w.S.w.Sw.Sw.S.|w.Sww.S.Sww.|w.Sw.Sw.Sww.|w.Sw.w.w.Sww.|w.Sw.Sw.Sw.S.|w.Sw.S.w.S.w.S.|w.Sww.w.Sw.w.|S.Sw.S.w.Sww.|w.Sw.w.w.Sw.S.|w.Sw.Sw.w.w.S.|w.Sww.w.Sw.S.|w.Sw.Sw.S.w.S.|w.Sw.Sw.Sw.S.|S.ww.S.w.Sw.S.|w.Sw.Sw.Sw.S.|w.Sw.Sw.S.ww.|S.ww.S.w.Sww.|w.Sw.S.w.Sww.|w.Sww.w.Sww.|w.S.ww.w.Sww.|w.Sww.w.Sw.w.|w.Sww.w.Sw.S.|,J4
19,"Kaminský, Bohdan",NA ŠVESTKÁCH (16),1859.0,1900.0,S.Sw.w.w.Sww.w.Sw.|w.Sww.w.Sw.Sw.S.|w.Sww.w.Sw.Sw.S.w.|w.Sw.Sw.w.w.Sww.|w.S.www.Sw.Sw.Sw.|w.Sww.w.Sw.Sw.w.|w.Sww.w.Sw.Swww.|w.Sww.w.Sw.Sww.|,J5
20,"Dvořáková-Mráčková, Albína",Bouře mládí.,1850.0,1872.0,S.w.Sw.Sw.Sw.|w.Sww.S.w.Sw.|w.Sww.Sw.Sw.|Sw.Sw.Sw.Sw.|w.Sww.Sw.Sw.|Sww.w.Sw.Sw.|w.Sww.Sw.Sw.|w.w.Swww.Sw.|w.w.Sw.Sw.Sw.|w.w.Sw.Swww.|Sw.S.w.Sw.Sw.|Sww.w.Sw.Sw.|S.w.Sw.Sw.Sw.|S.www.Sw.Sw.|w.w.Sw.Sw.Sw.|Sw.Sw.Sw.Sw.|,T4
21,"Neruda, Jan",ROMANCE,1834.0,1951.0,S.w.Sw.Sww.|Sw.Sw.Sw.|Sw.Sw.Sww.|Sw.Swww.|Sw.S.w.Sww.|S.w.Sw.Sw.|w.w.Sw.Sww.|Swww.Sw.|Sww.w.Sww.|Sww.S.Sw.|S.w.w.w.Sww.|Sww.w.Sw.|,T3_T4
22,"Dubrovská, Tereza","IX. Šel kdosi chodbou, jak v snu zaslechla jsem",1878.0,1930.0,S.Sw.Sw.w.S.Sww.w.|w.Sw.Sw.Swww.w.|S.Sw.w.w.Swww.Sw.|w.Sww.w.S.w.Sw.w.|w.Sww.w.S.w.Sw.Sw.|S.ww.w.w.Swww.w.|w.Sw.Sw.Sw.Sw.Sw.|S.S.w.Sw.Sww.w.S.|w.Sww.w.Sw.S.w.Sw.|S.Sw.w.w.S.w.Sw.w.|w.Sw.Sw.Swww.Sw.|w.Swww.Sw.Swww.|S.Sw.w.S.Sw.w.w.w.|S.ww.Sw.Sww.w.Sw.|,J5
23,"Dvořák, Xaver",Prolog.,1858.0,1909.0,w.Swww.Sw.Swww.|w.Sw.Sw.Sw.Sww.|w.Sw.Sw.Sw.Swww.|S.Sw.Sww.w.Sww.|w.S.w.Sw.Sw.Sw.Sw.|w.Sw.Sww.w.Sw.Sw.|w.Swww.Swww.S.|w.Sww.S.S.www.Sw.|w.Sw.w.w.Swww.w.|w.Sw.Sw.Sw.Sw.Sw.|w.Sw.Sw.Sw.Sw.Sw.|w.Sw.Sw.Sw.Sww.|w.Sw.Sw.Sw.Swww.|w.Swww.Sw.Sww.|w.S.www.Sw.Sw.Sw.|S.Sw.Sw.Sw.Swww.|w.Sw.Sww.S.Sww.|Sww.Sww.w.Swww.|S.S.S.Sw.Sw.Sww.|w.Sw.Sww.w.Sw.Sw.|S.Sw.Swww.Sw.Sw.|w.Sww.w.Sw.Sww.|w.Sw.Sw.S.w.Swww.|w.Sww.w.Sw.Sww.|w.Sw.S.www.Swww.|w.Sww.w.Sw.S.www.|w.Swww.S.w.Sww.|w.Swww.Sw.S.www.|w.Sww.S.Sw.Sww.|w.Swww.Sw.Swww.|w.Sw.w.w.Sw.Sww.w.|S.Swww.S.w.Sww.|w.Sww.w.Sw.Sww.w.|w.Sw.Sww.w.Sww.|w.Sww.w.Sw.Swww.|S.Swww.Sw.Swww.|w.Sw.Sw.Sw.Sww.|w.Sw.S.ww.w.Sw.Sw.|w.Swww.Sw.Sww.|S.Sww.w.Sw.Swww.|,J5
24,"Košín z Radostova, Josef",Na Potamienu.,1832.0,1881.0,Sw.Sw.Sw.w.w.Sw.|Sw.Swww.Sw.Sw.|Sw.w.w.Sw.Swww.|Sw.S.w.Sw.Swww.|,T5
25,"Klášterský, Antonín",SVĚTLUŠKY.,1866.0,1907.0,w.Sw.Sw.Sw.Sw.Sw.|w.Sw.Sw.w.w.Sw.Sw.|w.Swww.S.w.S.www.|w.Swww.Sw.w.w.Sw.|w.Sww.w.Swww.Sw.|S.Sww.S.ww.S.www.|S.ww.Sw.S.w.Sw.Sw.|w.Sw.S.w.Sww.S.Sw.|w.Sw.S.w.Sw.Sw.Sw.|w.Sw.Sw.S.www.Sw.|w.Sw.w.w.Sww.w.Sw.|w.Sww.w.Sw.w.w.Sw.|w.Sw.Sw.Sww.S.Sw.|S.Sw.Sw.Sw.Sw.Sw.|,J5
26,"Klášterský, Antonín",V HLUBINÁCH LESA.,1866.0,1905.0,w.S.www.S.w.Swww.|w.S.w.Sw.Sw.Sw.S.|S.Sw.S.w.Sww.w.Sw.|w.Swww.Sw.Sww.|S.ww.Sw.w.w.S.w.Sw.|w.Sww.w.Sw.Sww.|S.S.ww.w.Sw.S.w.Sw.|S.ww.Sw.Sw.Sw.S.|w.Sw.w.w.Sw.S.w.Sw.|w.Sww.S.Sw.Sww.|w.Sw.Sw.S.www.Sw.|S.ww.Sw.Sw.Sww.|w.S.w.Sw.Sw.Sw.Sw.|w.Sw.Sw.S.ww.w.S.|S.Sww.w.S.w.Sw.Sw.|w.S.w.Sw.Sw.Sw.S.|S.Sww.w.Sw.Swww.|w.Sw.Sw.S.ww.w.S.|w.Sw.Sw.Sww.w.Sw.|S.Sw.S.S.Sw.Sww.|w.Sw.S.w.Sww.w.Sw.|w.Sw.Sw.Sw.Sw.w.|S.Sw.Sw.Swww.Sw.|w.Sw.w.w.Sw.S.ww.|,J5
27,"Leger, Karel",Z bouřlivých dob.,1859.0,1881.0,S.Sww.w.S.w.Sw.w.|w.Sw.Sw.Sw.Sww.|S.Sww.w.Sw.Sww.|S.ww.Sw.Sw.Sww.|S.Sww.w.Sw.Sww.|w.Sw.Sw.Sw.Sww.|S.ww.Sw.Sw.Sww.|w.Sw.Sw.Sw.S.ww.|S.Sw.Sw.Sw.S.ww.|S.w.S.Sw.Sw.Sww.|S.Sww.w.Sw.Sww.|w.Sw.S.w.Sw.Sww.|S.Sw.Sw.S.w.S.ww.|S.ww.Sw.S.S.S.ww.|w.Sw.Sw.Sw.Sww.|w.Sw.S.w.S.w.Sw.S.|S.Sw.Sw.Sw.Sw.w.|w.Sw.S.w.Sw.Sww.|S.Sw.Sw.Sw.Sw.S.|w.Sw.S.w.Sw.Sw.w.|S.Sw.Sw.Sw.Sww.|S.ww.Sw.Sw.Sww.|w.Sw.Sw.Sw.S.ww.|S.ww.Sw.Sw.Sww.|w.Swww.Sw.S.ww.|S.ww.Sw.Sw.Sww.|w.Sw.Sw.Sw.Sww.|S.Sw.Sw.Sw.Sw.w.|w.Sw.Sw.w.S.Sww.|S.Sw.Sw.Sw.Sww.|S.Sw.Sw.Sw.Sww.|S.Sw.w.w.Sw.Sw.S.|S.Sw.Sw.Sw.Sww.|w.S.w.Sw.Sw.Sw.S.|S.Sw.Sw.Sw.Sww.|S.Sw.Sw.S.w.Sww.|w.Sw.Sw.S.w.Sww.|w.Sww.w.Sw.Sww.|w.Sw.Sw.S.w.Sww.|S.ww.Sw.Sw.Sww.|w.Sww.w.Sw.Sww.|S.ww.Sw.Sw.Sww.|w.Sw.S.S.Sw.Sww.|S.Sww.S.ww.Sww.|w.Swww.Sw.Sww.|w.Sww.w.Sw.Sww.|S.S.ww.S.Sw.Sww.|S.S.w.Sw.Sw.Sww.|w.Sww.w.Sw.Sww.|w.Sw.w.w.Sw.Sww.|S.S.ww.w.Sw.Sww.|w.Sw.S.w.Sw.S.ww.|S.Sw.Sw.S.w.Sww.|S.S.ww.w.Sw.Sww.|w.Sw.Sw.Sw.Sw.w.|w.Sww.w.Sw.S.ww.|w.Sw.S.w.Sw.Sw.S.|w.Sw.Sw.Sw.Sww.|w.Sww.w.Sw.Sww.|w.S.S.Sw.Sw.Sww.|w.Sw.Sw.S.w.Sww.|w.Sw.Sw.Sw.Sww.|S.S.w.Sw.Sw.Sw.S.|w.Sw.Sw.Sw.Sww.|w.Swww.Sw.Sww.|w.Sw.Sw.Sw.Sww.|w.Sww.w.Sw.S.ww.|w.Sww.w.Sw.Sww.|w.Sw.Sw.Sw.Sww.|w.Sw.Sw.w.w.Sww.|w.Sww.w.S.w.Sww.|w.Sww.w.Sw.Sww.|S.Sw.S.w.Sw.Sw.w.|w.Sww.w.S.w.Sww.|S.Sw.Sw.S.w.Sw.S.|w.Sw.Sw.S.w.Sw.S.|w.Sww.w.Sw.Sww.|w.Sw.Sw.Sw.Sww.|w.Sww.w.S.w.Sww.|w.Sw.w.w.Sw.Sww.|w.Sww.w.Sw.Sww.|S.Sw.Sw.Sw.Sw.S.|w.Sw.Sw.S.w.Sw.w.|w.S.ww.w.Sw.Sww.|S.Sww.w.Sw.Sww.|S.Sw.Sw.Sw.Sw.w.|S.Sw.Sw.Sw.S.w.S.|w.Sww.w.Sw.Sww.|S.Sw.Sw.Sw.Sw.S.|w.S.www.w.S.Sww.|w.Sw.Sw.Sw.Sww.|S.Sw.Sw.Sww.w.S.|S.ww.S.w.Sw.Sww.|S.ww.Sw.Sw.Sw.S.|w.Sww.w.Sw.Sw.S.|S.Swww.S.w.Sww.|w.Sw.w.w.Sw.Sww.|S.Sw.Sw.S.w.Sw.w.|S.S.ww.w.Sw.S.ww.|w.Sw.Sw.Sw.Sw.S.|w.Sw.Sw.Sw.Sw.S.|S.Sww.w.Sw.Sww.|S.Sw.Sw.S.w.S.ww.|w.Sw.Sw.Sw.Sw.S.|S.Sww.w.S.w.Sww.|S.ww.Sw.w.S.Sww.|w.Sw.Sw.S.w.Sww.|w.Sw.Sw.Sw.Sww.|S.Sww.w.Sw.Sww.|w.Sww.w.Sw.Sw.S.|w.Sw.Sw.Sw.S.w.S.|w.Sw.Sw.Sw.Sww.|S.ww.Sw.Sww.w.w.|Sww.Sw.Sw.Sww.|w.Sw.Sw.Sw.Sww.|w.Sw.Sw.Sw.Sww.|Sww.Sw.Sw.Sww.|w.Sw.Sw.Sw.Sww.|S.Sww.w.Sw.Sw.w.|w.Sww.w.Sw.Sww.|w.Sw.Sw.Sw.w.w.S.|w.Sww.w.Sw.Sw.S.|,J5
28,"Uhlíř, Josef","VI. Ty víš, proč rád se vzdávám plesu,",1822.0,1858.0,w.S.w.S.w.Sw.Sw.|w.Sw.Sw.S.w.S.|w.Sww.w.Sw.Sw.|w.Sw.Sw.Sw.S.|w.Sw.S.w.S.w.Sw.|S.w.Sww.Sw.S.|w.Sw.Sw.Sw.Sw.|w.Sw.Sw.Sw.S.|w.Sw.S.w.Sw.Sw.|w.Sw.Sw.Sw.S.|w.Sw.S.Sww.Sw.|w.Sw.Sw.Sw.S.|w.Sw.Sw.Sw.Sw.|w.Sw.Sw.Sw.S.|w.S.ww.w.Sw.Sw.|w.Swww.Sw.S.|w.Swww.Sw.Sw.|Sww.S.w.Sw.S.|w.w.Sww.Sw.Sw.|Sww.Sw.Sw.S.|,J4
29,"Züngel, Emanuel",Heřman Přerhof.,1840.0,1868.0,Sww.Sw.Sww.w.Sw.|w.Sw.Sw.S.www.Sw.|w.w.w.Sw.Sw.Swww.|Sw.w.Sw.Swww.Sw.|w.Sw.S.ww.w.Sww.w.|w.Sw.Sww.w.Sw.Sw.|w.Sw.Sw.Sw.w.w.Sw.|w.S.w.S.w.Sw.S.w.Sw.|w.Swww.Sw.Swww.|Sww.Sw.Sw.Swww.|S.w.w.Sw.Sww.w.Sw.|w.Sw.Sw.S.w.Sw.Sw.|w.S.w.Sw.Sww.w.Sw.|w.Sw.Sw.Sw.Swww.|w.Sww.w.Sw.Swww.|w.Sw.Sw.S.w.Swww.|w.Swww.S.S.w.w.Sw.|Sww.Swww.S.w.Sw.|w.Sw.Sw.Sww.w.Sw.|w.Sw.Sw.Sw.Swww.|S.ww.Sw.Sw.Sw.Sw.|w.Sww.Sww.Sww.|w.Sw.Sw.Swww.S.|w.Sw.Sw.Sw.Swww.|w.Sw.Sw.Sw.Swww.|S.www.w.Sw.Sw.S.|S.S.w.Sw.Sw.Sww.|w.Sw.Sw.S.w.Sw.Sw.|w.Sw.S.w.Sw.Swww.|w.Swww.Sw.Sww.|w.w.w.w.w.Sw.Sww.|S.w.w.Sw.Sww.w.Sw.|,J5
30,"Lešehrad, Emanuel",Náš svět,1877.0,1945.0,w.S.w.Sw.Sw.Swww.|w.Sw.Swww.Sw.w.|w.S.w.Sw.Sw.Sw.Sw.|w.Swww.Sw.Sww.|w.Sw.Sw.Sw.Sw.Sw.|w.Sww.w.Sw.Sww.|S.Sw.Swww.Sw.Sw.|w.Sw.Sw.Sw.Sww.|,J5
31,"Calma, Marie",ZIMNÍ LES,1881.0,1935.0,Sww.Sww.S.Sww.w.Sw.|Sww.S.ww.w.Sw.Sw.Sw.|S.Sw.Sw.Swww.Sw.|w.S.www.Sww.w.Sw.|w.Sw.S.S.Sw.Sww.|Sww.Sw.Sw.Sww.|S.ww.Swww.S.w.Sww.w.|Sww.Sw.Sw.Sw.Sw.|w.Sw.S.w.Sw.Sw.Sw.|S.Sww.w.Sw.Sw.Sw.|Sww.Sww.S.www.S.Sw.|w.Sw.Sw.Sw.Swww.|w.Sw.Sw.S.www.Sw.|Sww.Sw.Sw.S.w.Sw.|S.Sww.Sww.Sw.Sw.|Sww.S.www.Swww.|w.Sw.S.S.ww.Swww.|Sww.S.w.Sw.Sww.w.|w.S.ww.S.Sw.Swww.|Sww.Sw.Sw.Swww.|,J5
32,"Sula, Pavel",Podzim.,1882.0,1903.0,Sw.Sww.w.Sw.S.www.|Sw.Sww.w.Sw.Sww.|Sw.Sw.S.w.Sw.Sw.Sw.|Sw.S.ww.S.ww.Sww.|Sw.Sww.w.Sw.Sww.w.|Sw.S.ww.w.Sw.Sww.|Swww.Sw.Sww.w.Sw.|S.www.Sw.Sw.Sww.|Sw.Sw.Sw.S.w.Sw.w.w.|Swww.Sw.Sw.Sww.|w.w.Sww.w.Sw.Sw.Sw.|S.w.Sw.S.w.Sw.Sww.|,T6
33,"Vrchlický, Jaroslav","III. A již cítím – blízko dlíš,",1853.0,1907.0,S.w.Sw.Sw.S.|Sw.w.w.Sw.w.|S.w.Sw.Sw.|S.w.Sw.Sww.|Sw.S.w.w.w.S.|Sww.w.Sw.|S.w.Sw.Sw.S.|S.w.Sw.Sw.w.|S.w.S.www.|Sw.w.w.Sw.S.|w.S.Sw.Sw.w.|Sw.Sw.Sw.|,T3_T4
34,"Písecký, Ferdinand",Co dal jsem?,1879.0,1919.0,w.S.w.S.w.S.|w.Sw.Sw.Sw.|w.Sw.Sw.Sw.|w.Sw.Sw.Sw.|w.Sw.Sw.Sw.|w.S.w.S.w.S.|w.Sw.S.w.Sw.|S.Sw.Swww.|w.S.S.Sw.Sw.|w.Sww.w.Sw.|w.S.w.S.w.S.|S.ww.Sw.Sw.|S.S.w.Sw.Sw.|w.Sw.Sw.Sw.|w.Sw.Sw.Sw.|w.Sw.Sw.Sw.Swww.|w.Sw.Sw.S.S.w.w.Sw.|,J3
35,"Černý, Adolf",DEN NA ZÁPADĚ DOHOŘÍVAL...,1864.0,1898.0,S.S.www.Swww.|w.Sww.S.Sw.S.|w.Sw.Sw.Sw.Sw.|w.Sw.Sw.S.ww.|w.Sw.Sww.w.Sw.|w.Sw.Sw.Sww.|w.Swww.Sw.Sw.|w.Sw.S.w.Sww.|w.Swww.Sw.Sw.|S.Sw.S.w.Sww.|w.Sww.w.Sw.Sw.|w.Sw.Sw.Sww.|w.S.w.Sw.Swww.|w.Sww.w.Sw.S.|w.Sw.Sww.w.Sw.|w.Sww.w.S.w.S.|w.S.w.w.w.Sw.Sw.|w.Sww.w.Sww.|w.S.w.S.w.Sw.Sw.|w.Sw.Sw.Sww.|w.S.w.Sw.Sw.Sw.|Sww.S.w.Sww.|w.Sww.w.Sw.Sw.|w.Swww.Sww.|,J4
36,"Neumann, Stanislav Kostka",ODPOVĚĎ BÁSNÍKOVI,1875.0,1984.0,w.w.Sw.S.ww.|Sww.w.Sw.|S.w.Swww.|Sw.Sw.Sw.Sw.|Sw.Sw.Sw.|w.w.Sw.S.ww.|Sww.w.Sw.|w.w.Sww.|S.w.Swww.Sw.|S.S.Sww.|w.w.Sw.S.ww.|Sww.w.Sw.|S.w.Swww.|S.w.Sw.Sw.Sw.|Swww.Sw.|w.w.Sw.S.ww.|Sww.w.Sw.|S.w.S.w.S.|w.w.S.www.Sw.|Sww.w.S.www.|Sw.Sw.w.|,T3_T4
37,"Heyduk, Adolf",Spojení.,1835.0,1865.0,Sw.Sw.Sw.Sw.|Sww.w.S.www.|S.w.Sw.Sw.Sw.|Sww.w.Sw.Sw.|w.w.Sw.Sw.Sw.|Sw.Sw.Sw.Sw.|Sw.Sw.Sw.Sw.|S.w.Sw.Swww.|,T4
38,"Dubrovská, Tereza","XXXX To srdce vem, jež utýrané v bolu",1878.0,1928.0,w.Sw.S.w.Swww.Sw.|w.Sw.S.w.Sw.Sww.w.|w.Sww.w.Swww.Sw.|w.S.w.Sw.Sww.w.Sw.|w.Sw.Sw.Sw.Sw.Sw.|S.Sw.Sw.S.w.Sw.Sw.|w.Swww.Sw.S.www.|w.S.w.Sw.Sw.Swww.|w.Sw.S.w.Sw.Sw.Sw.|w.Sw.Sw.S.w.Sw.Sw.|w.Sww.w.Sw.Sw.Sw.|w.Sw.Sw.Sw.Sw.Sw.|w.Sw.Sw.Swww.Sw.|w.Sw.w.w.Sw.Sw.Sw.|,J5
39,"Kuchař, Josef",19. (23. 5. 1916.),1847.0,1924.0,w.Sw.Sw.Sww.|w.Sw.Sw.Sw.|w.Sw.Sw.Sww.|Sww.Swww.|w.Sw.S.w.Sww.|w.Sww.w.Sw.|w.Sw.w.w.Sww.|w.Sww.w.Sw.|w.Sw.Sw.Sw.w.|w.Swww.Sw.|w.Swww.S.w.S.|Sww.Sw.Sw.|w.Sww.w.Sw.S.|w.S.S.ww.Sw.|S.w.w.Sw.Sw.S.|w.Sw.Swww.|w.S.www.Sw.S.|w.Swww.Sw.|S.Swww.Sw.S.|Sww.Sw.Sw.|w.Sww.w.Sw.S.|Sww.Sw.Sw.|w.S.w.Sw.S.w.S.|w.Sw.Sw.Swww.|w.S.w.Sw.Sw.S.|w.Sww.w.Sw.|w.Swww.w.w.S.|Sww.Sw.Sw.|w.S.www.Sw.S.|w.S.w.Sw.Sw.|w.Sw.Sw.Sww.|w.S.w.Sw.Sw.|w.Sww.w.S.S.w.|Sww.Sw.Sw.|S.Swww.Sw.S.|w.Sw.Swww.|w.Sw.w.w.Sw.S.|w.S.w.Sw.Sw.|w.S.ww.Sww.w.|w.Sw.Sw.Sw.|,J3_J4
40,"Haasz, Jaroslav",V PARKU. (I. NEPTUN.),1860.0,1918.0,S.S.w.Sw.S.S.Sw.S.w.Sw.|w.Sw.Sww.S.Swww.Sw.|w.Sw.Sww.w.Sw.Sw.Sw.|w.Sw.Sww.w.Sw.Sw.Sw.|w.Sw.Sw.S.S.Swww.Sw.|w.Sw.Sww.w.Sw.Sw.Sw.|w.S.w.Sww.w.S.ww.w.Sw.|w.Sw.Sw.S.S.Swww.Sw.|S.Sw.Sww.w.Sw.Sw.Sw.|w.Sw.Sww.w.Sw.Sw.Sw.|w.Sw.Sw.S.w.Sw.Swww.|S.Sw.Sww.w.Sw.Sw.Sw.|S.Sw.Sww.w.Sw.Sw.Sw.|w.Sw.Sww.S.Sw.Swww.|w.Swww.w.w.Sw.Sw.Sw.|w.Sw.Sww.w.Sw.Swww.|w.Sw.Sww.w.Sw.Sw.Sw.|w.Sw.Sww.S.Swww.Sw.|w.Sw.Sw.w.w.Sw.Swww.|w.Sw.Sw.S.w.S.w.Sw.Sw.|w.Sw.Sww.S.Sw.Sw.Sw.|w.S.w.S.w.S.w.Sw.Sw.Sw.|w.Sw.Sww.w.Sw.Swww.|S.S.w.Sw.w.S.Sw.Swww.|S.Sw.Sww.S.Sw.Sw.Sw.|w.Sw.Sww.S.Sw.S.www.|w.Sw.Sww.w.Sw.Sw.Sw.|w.Sw.Sw.S.w.Sw.Sw.Sw.|w.Sw.Sww.w.Sw.Sw.Sw.|S.Sw.S.w.S.w.Sw.Sw.Sw.|w.w.S.Sww.w.Sw.Sw.Sw.|w.Sw.Sww.S.Sww.w.Sw.|w.Sw.Sww.w.Swww.Sw.|S.Sw.Sww.w.S.ww.w.Sw.|S.Sw.Sww.w.w.w.Sw.Sw.|w.Sw.Sww.w.Sw.S.w.Sw.|w.Sw.Sww.w.Sw.Sw.Sw.|S.Sw.Sww.w.Sww.w.Sw.|w.Sw.Sww.S.Sw.Sw.Sw.|S.w.w.Sww.w.Swww.Sw.|w.Sw.Sw.S.w.S.www.Sw.|w.w.w.Sw.S.w.w.w.Sw.Sw.|w.Sw.Sww.w.Sw.Sw.Sw.|w.Sw.Sww.S.Sw.Sw.Sw.|w.Sw.Sww.S.Swww.Sw.|S.Sw.Sww.w.Sw.Swww.|w.Sw.Sww.S.Sw.Swww.|w.w.w.Sww.w.Sw.Swww.|w.Sw.Sw.w.S.Sw.Swww.|w.Sw.Sww.w.Sw.Swww.|w.Sw.Sww.S.Sw.Sw.Sw.|,alex6
41,"Vrchlický, Jaroslav",V zlé chvíli.,1853.0,1891.0,S.Sw.S.S.Sw.Sw.Sw.|w.Sww.w.Sw.Swww.|w.w.w.Sw.Sw.Sw.Sw.|S.Sw.Sw.w.S.Sw.Sw.|w.Sw.Sww.w.Swww.|w.Sw.Sw.Sw.S.www.|w.Sw.Sw.Sw.Sw.Sw.|w.Sw.Sw.Sww.w.Sw.|Sww.Sw.w.S.Sw.Sw.|Sww.Sw.w.S.Sw.Sw.|w.Sw.Sw.S.w.Sw.Sw.|S.Sww.w.Sw.Sw.Sw.|,J5
42,"Rais, Karel V.","I. Ztichla vřelá Tvoje slova,",1859.0,1879.0,Sw.Sw.Sw.Sw.|S.w.Sw.Sw.Sw.|Sw.Sw.S.w.Sw.|S.www.Sw.Sw.|S.www.Sw.Sw.|Sw.Sw.Sw.Sw.|S.w.Sw.Sww.w.|Sw.Sw.Sw.Sw.|S.www.Sw.Sw.|Sw.Sw.S.www.|Sw.S.w.Sw.Sw.|Sw.Sw.Sw.Sw.|Sw.Sw.Sw.Sw.|Sw.Sw.Sw.Sw.|Sw.Sw.Sw.Sw.|Sw.Sw.Swww.|,T4
43,"Procházka, František Serafínský",XVII.,1861.0,1906.0,Sw.Sw.S.w.Sw.|w.Sww.Swww.|S.w.Sw.S.ww.|Sw.Sw.Sw.Sw.|Sww.S.Sww.|w.w.Sw.Sww.|Sw.Sw.Swww.|Sw.Sw.Sww.|S.w.Sw.Sw.Sw.|Swww.Sww.|w.w.Sw.Sw.Sw.|Sww.w.S.www.|S.ww.w.Sw.S.|Sww.w.Sw.w.|Sw.w.S.Sw.Sw.|S.www.Sw.Sw.|Sw.S.S.Sww.|Sw.Sw.Sww.|w.w.Sw.S.w.w.|w.w.Sw.Sw.S.|Sww.w.S.w.Sw.|w.Sw.w.Swww.|Sw.Sw.S.w.Sw.|Sww.S.Sw.w.|S.ww.w.Sww.|Sw.Sw.w.w.Sw.|S.w.Sw.Sw.Sw.|Swww.Sw.Sw.|Sw.S.S.Sww.|Sw.Sw.S.ww.|Sw.S.w.Sw.Sw.|Sw.Sw.Sw.S.|S.www.Sw.S.|w.S.Sww.w.Sw.|Sw.Sw.S.ww.|Sw.w.w.Sww.|Sw.Sw.Sw.Sw.|Sww.w.Swww.|Sw.Sw.w.S.Sw.|Sww.w.Swww.|Sw.Sw.Sw.Sw.|Sw.Sw.Swww.|Swwwww.Sw.|Sww.w.Sw.Sw.|Sw.Sw.Sww.|Swww.S.w.Sw.|Sw.Sw.Sww.|S.ww.w.Sw.Sw.|w.w.Sw.Sww.|Sw.Sw.Sw.Sw.|S.S.Sw.S.ww.|Sw.Sww.w.Sw.|S.w.Sw.Sw.Sw.|Sw.Sw.S.w.Sw.|w.S.Sw.Sw.S.|Sw.Sw.Sww.|Sw.Sw.Sw.Sw.|Sw.Sw.Sw.Sw.|w.S.Sw.Sw.Sw.|Sw.w.w.Sw.Sw.|Sww.w.Sw.w.|Sw.Sw.Swww.|w.w.Sw.Sw.Sw.|Sw.w.w.Sw.w.|S.www.Swww.|S.www.w.w.Sw.|Sw.Sw.S.w.Sw.|Sw.Sw.Sww.|S.www.Sww.|Sw.Sww.w.Sw.|Sw.w.w.Sww.|S.www.S.www.|Sw.Sw.Sww.|Sw.S.ww.w.Sw.|S.ww.w.Sw.Sw.|Sw.Sw.w.w.Sw.|Sw.Sw.Sww.|Sw.Sw.Sw.Sw.|Sw.Sw.Sww.|Sw.Sw.w.w.Sw.|w.w.Sw.Sw.S.|Sww.w.Sww.|w.S.Sw.Sww.|S.w.Sw.Sww.|w.w.Sw.S.www.|Sww.Sww.Sw.|Sw.Sw.Sww.|S.ww.w.S.www.|Sw.Sw.Sww.|Sw.Sw.Sw.Sw.|S.w.Sw.S.w.Sw.|Swww.Sww.|Sw.Sw.Swww.|Sw.w.S.Sww.|S.www.S.w.Sw.|Sw.S.w.Sww.|Sw.Sw.Swww.|S.www.Sww.|Sw.Sw.Sw.Sw.|S.www.Sww.|Sw.S.w.Sw.Sw.|Sw.S.w.Sww.|S.ww.w.Sw.Sw.|S.ww.w.S.ww.|Sww.w.Sww.|S.ww.w.Sw.Sw.|S.www.Sw.S.|w.w.Sw.Sww.|S.www.Sw.Sw.|Sww.w.Sw.Sw.|Sw.Sw.Sw.Sw.|Sww.w.S.w.Sw.|Sww.w.S.www.|S.w.Sw.Sww.|Sw.Sw.S.ww.|Sww.w.Sw.Sw.|Swww.S.www.|Swww.Sww.|Sww.w.Sww.|Sw.Sw.Sw.Sw.|S.w.Sw.Sw.Sw.|Sww.w.Sww.|Sw.w.w.Sww.|Sw.Sw.Sw.Sw.|Sww.S.w.S.Sw.|S.Sww.Sww.|Sw.Sw.Sww.|Sw.w.S.w.w.w.|Swww.Sw.w.|Sww.w.Sw.Sw.|Sw.Swww.Sw.|Sww.w.Sw.Sw.|Sww.w.Swww.|Sw.Sw.Sw.Sw.|Sw.Swww.Sw.|Sw.S.w.Sw.Sw.|S.www.Swww.|Swwww.w.Sw.|Sw.Sw.Sww.|w.w.Sw.Sww.|Sw.S.w.Sw.Sw.|Swww.S.w.Sw.|Sww.w.Sw.Sw.|S.ww.w.Sw.Sw.|Swww.S.w.S.|S.ww.w.Sw.S.|Sw.Sw.Sw.Sw.|Swww.Sw.Sw.|Sw.Sw.Swww.|w.Sww.Swww.|Sww.w.Sw.Sw.|Sw.S.w.S.www.|S.S.w.w.Sww.|Sw.Sw.S.ww.|Sww.w.Sww.|w.w.Sw.Sww.|Sw.Sw.S.w.Sw.|S.www.Sw.Sw.|Sww.w.Sw.Sw.|S.www.Sw.Sw.|Sw.Sw.Sw.Sw.|Swww.Sw.Sw.|Sw.w.w.Sww.|Sw.w.w.Sww.|Sw.S.w.Sw.Sw.|Sw.Sww.w.Sw.|Sw.Sw.Sww.|Sww.w.Sww.|Sw.Sw.Sw.Sw.|Sww.w.Sw.Sw.|Sw.Sw.S.ww.|Sww.w.Sww.|Swww.Swww.|Sw.Sw.Swww.|Sww.w.Sw.Sw.|S.www.Sw.Sw.|w.S.Sw.Sw.Sw.|Sw.Sw.Sw.Sw.|Swww.Sww.|Swww.Sww.|S.ww.w.Sw.Sw.|Sw.S.w.Sww.|Sw.Sw.Swww.|S.ww.w.Sww.|S.www.Swww.|Sw.Sw.Sww.|w.S.w.w.Sw.Sw.|S.ww.w.S.ww.|S.w.w.w.Sww.|w.w.Sw.Sw.Sw.|S.www.S.www.|S.ww.S.ww.w.|Sww.w.S.ww.|w.w.Sw.Sw.Sw.|S.www.Sw.Sw.|Sw.Sw.Sww.|S.w.Sw.Sww.|w.w.Sw.Sw.Sw.|w.S.S.w.Sw.Sw.|w.w.Sw.S.w.Sw.|S.ww.w.Sw.Sw.|S.w.S.S.Sw.Sw.|w.w.Swww.Sw.|Sw.Sw.Sw.Sw.|Sw.Sw.Swww.|Swwwww.Sw.|Sww.Sww.Sw.|Sw.Sw.Sww.|Swww.S.w.Sw.|Sw.Sw.Sww.|S.w.w.w.S.w.Sw.|S.w.S.w.Sww.|S.www.Sww.|w.S.Sw.S.w.Sw.|Swww.S.w.Sw.|S.w.S.w.Sww.|S.w.Sw.Sww.|Sww.w.Swww.|Sw.Sw.Sw.Sw.|S.w.w.w.Sww.|Swww.Sw.Sw.|S.Sww.Sw.Sw.|S.ww.w.Sww.|Sw.S.w.Sw.Sw.|S.w.Sw.S.www.|Sw.Sw.Sww.|Sw.Sw.Sww.|Sw.S.w.Sw.S.|Swww.Sw.S.|Sw.Sw.Sw.Sw.|Sw.Sw.Swww.|Sw.Sw.S.w.Sw.|S.w.Sw.Sw.Sw.|Swww.Sw.Sw.|Sww.w.Swww.|Sww.w.Sw.Sw.|S.www.Sw.Sw.|w.S.Sw.S.w.S.|Sw.Sw.Sww.|S.w.Sw.Sww.|Sww.w.Sww.|,T4
44,"Calma, Marie",ZVONY V ASSISI,1881.0,1930.0,S.ww.Sww.S.ww.Swww.|S.Sw.Sw.Sw.S.w.Sw.|Sw.Sww.Sw.Sww.w.|w.Sw.w.Sww.Swww.|w.S.ww.w.Sw.Sw.S.w.|Sww.Sw.Sw.Sw.Sw.|w.S.www.Sww.S.Sw.|Sww.Sw.Sw.Sw.Sw.|w.Sww.w.Sw.Sw.Sw.|w.Sw.w.w.S.S.wwww.|w.Sw.Sww.S.w.w.Sw.|w.Sw.Sw.w.w.Sw.Sw.|w.Sw.w.w.S.w.Swww.|w.Sw.Sww.w.Sw.Sw.Sw.|w.Sw.Sww.w.w.w.Swww.|S.Sw.Sw.w.S.S.www.|w.Sww.w.Sw.Sw.Sw.|w.Sw.w.Sww.S.www.|w.Swww.Sw.S.www.|w.S.w.Sw.Sw.Swww.|S.ww.Sw.S.w.Sw.Sw.|w.Sw.Sw.Sw.Swww.|w.Sw.Sw.Sw.S.www.|w.Sw.Sw.w.w.Sw.Sw.|Sww.Sw.Sw.Swww.|w.Sw.w.S.ww.Swww.|Sww.Sw.Swww.Sw.|Sww.Swww.Sw.Sw.|w.Sww.w.Sw.Sw.Sw.|w.Sw.Sw.w.Sww.Sw.|Sww.Sw.Sw.S.www.|Sww.S.w.w.w.S.w.Sw.|w.Sw.Sw.Sw.w.w.Sw.|S.Sww.w.Swww.Sw.|w.Sw.Sw.Sw.Sw.Sw.|Sww.Sw.Sw.Swww.|w.Sw.w.w.w.w.Sw.Sw.|w.Sw.Sww.S.w.Sww.|,J5
45,"Pokorný, Rudolf",IV. Starý kaštěl.,1853.0,1885.0,Sww.w.w.w.Sw.Sw.|Sw.Sw.Swww.Sw.|Sw.Swww.Sw.Sw.|Sw.Sww.S.S.www.|Sw.Sw.S.www.Sw.|Sw.Sw.Sw.S.www.|S.w.Sw.w.Sww.Sw.|Sww.w.Sw.Sw.Sw.|Sw.S.www.Sw.Sw.|Swww.Sw.Swww.|Sw.Sw.Sw.Sw.Sw.|Sw.Sw.Sw.Sw.Sw.|Sw.Sw.Sw.Sw.Sw.|Sww.S.S.www.Sw.|Swww.S.w.Sw.Sw.|Sw.Swww.Swww.|Swww.Swww.Sw.|w.w.Sw.Sw.S.www.|Sw.Sw.Sw.Sw.Sw.|S.w.Sw.S.Sww.Sw.|Sw.Sw.Sw.Sw.Sw.|w.Sww.Sw.Sw.Sw.|Sw.Sw.Sw.Sw.Sw.|S.ww.w.w.w.Swww.|w.Sww.Sw.S.w.Sw.|Sww.S.Sw.S.w.Sw.|Sw.S.ww.S.S.www.|w.Sww.S.ww.w.Sw.|Sw.Sw.Sww.w.Sw.|Sww.w.w.Sww.Sw.|Sw.Sw.Sw.S.www.|Sw.Sw.Sw.Sw.Sw.|Sww.w.Sw.Sw.Sw.|Sww.w.Sw.Sw.Sw.|Sw.Sw.Swww.Sw.|S.w.Sw.Sw.Sw.Sw.|Sw.S.www.Sw.Sw.|Sw.S.w.Sww.S.Sw.|Sw.Sw.Sw.Sw.Sw.|Sw.Sw.Swww.Sw.|S.w.Sw.Swww.Sw.|Sw.Sw.Sww.w.Sw.|Sww.w.Sw.Sw.Sw.|Sw.S.w.Sw.w.w.Sw.|w.S.S.Sww.Sw.Sw.|w.w.Sw.Sw.S.w.Sw.|Sw.Sw.Sw.Sw.Sw.|Sw.Sw.S.w.Sw.Sw.|Sw.Sw.S.w.Sw.Sw.|Sw.Sw.Sww.w.Sw.|S.w.Sw.S.ww.w.Sw.|Sw.w.w.S.w.S.w.Sw.|S.w.Sw.Sw.Sw.Sw.|Sw.Sw.Sw.Sw.Sw.|Sw.Sw.S.w.w.w.Sw.|Sw.Sw.S.w.Swww.|Sw.Sw.w.Sww.Sw.|Sww.S.Sw.Swww.|Swww.Sww.w.Sw.|S.w.Sw.Sw.Sw.Sw.|S.w.Sw.Sw.Sw.Sw.|S.w.Sw.Swww.Sw.|w.w.w.w.S.www.Sw.|Sw.S.S.ww.Swww.|,T5
46,"Karafiát, Jan",26. Ó už ne tak.,1846.0,1900.0,S.w.Sw.w.Sww.|S.w.Sw.w.Sww.|S.w.w.w.Swww.|Sw.S.w.Sw.Sw.|S.w.w.w.|Sw.Sw.S.w.w.w.|Sww.S.S.w.Sw.|Sw.S.w.Sw.Sw.|Sw.w.S.Sw.Sw.|Sw.Sw.|Sw.Sw.w.Sww.|Sw.Sw.S.w.Sw.|,T4
47,"Pokorný-Pikulík, Josef Václav",Slunéčko boží.,1842.0,1891.0,w.Sw.w.w.Sw.Sw.|w.Swww.Sw.Sw.|Sww.Sw.Sw.Sw.|w.S.ww.w.S.www.|Sww.Sw.Sw.Sw.|w.S.w.Sw.Sw.Sw.|Sw.w.Sw.Sw.Sw.|w.Sw.S.w.Sw.Sw.|w.Sw.S.w.Sw.Sw.|S.ww.Sw.Swww.|S.www.w.Sw.Sw.|w.Sw.w.w.Sw.Sw.|,J4
48,"Lešehrad, Emanuel",DÍTĚ,1877.0,1932.0,w.Sww.S.Sw.S.|Sww.Sw.Sw.|w.Sww.w.Sw.S.|Sww.Sw.Sw.|w.S.w.Sw.S.w.w.|w.Sww.Sw.w.Sww.S.|w.Sw.w.Sw.S.Sww.Sw.|Sww.Sw.Sw.|w.Sw.Sw.Sw.S.|Sw.w.Sw.Sw.|S.Sw.Sw.Sww.|S.wwww.Sw.|w.S.w.Sw.Sww.|w.Sww.Sw.w.Sww.S.|w.Sw.w.S.ww.S.w.w.Sw.|Sww.Sw.Sw.|,J3_J4
49,"Dörfl, Gustav","Já často říkal babičce,",1855.0,1874.0,w.Sw.Sw.Sww.|w.Sw.Sw.S.ww.|w.Sw.Sw.Sw.S.|w.Sw.Sw.Sww.|S.w.w.Sw.Sww.|Sww.Sw.Sw.w.|w.Sw.Sw.Sww.|w.Sw.S.S.Sww.|w.S.w.Sw.Sww.|w.Sw.Sw.Sw.S.|S.Sww.S.Sw.w.|S.w.S.S.w.Sww.|,J4
50,"Štemberka, Jindřich",ŠTĚDRÝ VEČER.,1867.0,1890.0,S.Sw.Sw.Sw.Sw.Sw.|S.S.w.Sw.Sw.Sw.Sw.|S.Sww.S.w.S.Sw.Sw.|w.Sw.S.w.Sww.w.Sw.|w.w.w.w.|w.S.www.Sw.S.www.|w.Sw.Sw.S.w.Sw.Sw.|w.Sw.Sw.w.w.Sw.Sw.|w.Sww.w.Sw.Sw.Sw.|w.w.w.w.|S.Sw.Sw.Sw.Sw.Sw.|w.Sww.S.Sw.S.w.Sw.|w.Sw.Sw.Sw.Sw.Sw.|w.Sw.Sww.w.Sw.Sw.|S.w.w.w.|w.Sw.Sw.Sw.Sw.Sw.|w.Sw.Sw.Sw.S.w.Sw.|w.Sww.w.Sw.Sw.Sw.|w.Sw.w.w.Sw.Sw.Sw.|w.Sw.w.|w.S.www.S.ww.w.Sw.|w.Sw.Sw.Sw.Swww.|w.Swww.Sw.Sw.Sw.|w.Sw.Sw.Sw.Swww.|w.S.w.w.|,J5
51,"Vacek Kamenický, František Jaroslav",LXXXVIII. Jindřich posly do Čech vypravuje,1806.0,1846.0,Sw.Sw.S.w.Swww.|S.www.Sw.Sww.|S.w.S.w.Sw.Sww.|Sww.Sww.Swww.|Sww.w.Sw.Swww.|w.w.Sw.Sw.S.ww.|Swww.S.w.Sww.|Sww.S.ww.Swww.|Swww.w.w.Sww.|Sww.S.Sw.Sw.Sw.|Sww.w.Sw.Sw.Sw.|S.w.Sw.S.w.Sw.S.|Sw.Sww.S.ww.Sw.|Sw.S.w.Swww.Sw.|,T5
52,"Tomek, Ferdinand",Z tajné zásuvky. (IV.),1860.0,1914.0,Sw.Sw.Sw.w.w.Sw.|Swww.S.w.Sw.w.|Sw.Sw.w.w.Sww.|w.w.Swww.S.www.|Sw.S.w.Sww.w.Sw.|w.w.Sw.Sw.Swww.|Sw.w.w.Sw.Sw.Sw.|Sw.Sww.w.Sw.Sw.|Sw.Sw.Sww.w.Sw.|Sw.Sw.Sw.Sww.|Sw.Sw.Sw.Sw.Sw.|Sww.w.Sw.Sw.w.|Sww.w.Sw.Sw.Sw.|Sw.S.ww.w.Sw.w.|w.w.Sw.Sw.Sww.|S.w.Sw.Sw.Sw.Sw.|S.ww.w.S.w.Sw.Sw.|S.w.Sw.Swww.Sw.|S.ww.w.Sw.Sw.Sw.|S.ww.w.Swww.Sw.|Sww.w.Sw.Sww.|Sww.w.Sw.Swww.|Sw.Sw.Sw.Sw.S.|Sww.w.Sw.S.w.Sw.|Sww.w.w.w.Swww.|w.w.Sw.Swww.Sw.|Swww.S.ww.w.Sw.|Sw.Sw.Sw.Sww.|Sw.Sw.w.w.S.ww.|Sww.w.Sw.S.www.|Sw.Sw.Swww.Sw.|Sww.S.ww.Sw.Sw.|w.w.S.w.S.w.Sw.Sw.|w.w.Sww.S.Sw.Sw.|Sww.w.Sw.S.w.w.|Sww.w.Sw.Sw.S.|w.w.Sw.Sw.Swww.|S.w.S.w.Sw.Swww.|Sww.w.Sw.S.www.|Sw.w.S.S.ww.w.Sw.|Sw.Sw.Sww.w.Sw.|S.ww.w.Sw.Sw.Sw.|Sww.w.S.w.Sw.Sw.|S.w.Sw.Sw.Sww.|Sw.w.w.Sw.Sw.Sw.|S.w.Sw.Sw.Sw.w.|Sww.w.Sw.Sw.w.|Swww.Sw.S.w.Sw.|Sw.w.w.Sw.Sw.Sw.|S.w.Sw.Swww.S.|,T5
53,"Klášterský, Antonín",Povídka stroje.,1866.0,1891.0,Sww.w.S.w.w.|S.w.Sw.Sw.S.|Sw.w.w.Sw.S.|Sw.Sw.S.w.w.|Sw.S.w.Sw.w.|Sw.Sw.S.w.S.|Sw.w.w.Sw.w.|w.w.S.w.Sww.|w.w.S.w.Sw.S.|w.w.Sw.Sw.w.|w.w.Sw.Sw.S.|Sw.Sw.Sww.|w.w.Sw.Sw.S.|S.w.S.w.Sw.S.|Swww.S.w.w.|Sw.Sw.Sw.S.|w.w.Sw.Sww.|Sw.S.w.Sw.w.|Sw.Sw.Sw.S.|Sw.Sw.S.w.S.|S.w.Sw.Sww.|Sw.Sw.S.w.S.|Sww.w.Sw.w.|Swww.S.w.w.|Sw.S.w.Sw.S.|Sw.w.w.Sw.w.|Sww.w.Sw.S.|Swww.Sw.S.|Sww.w.S.w.S.|Sw.Sw.Sw.S.|S.w.Sw.w.S.w.|w.w.Sw.Sww.|Sw.S.w.Sww.|Sw.S.w.Sw.S.|Sw.w.w.Sww.|Sw.S.w.Sw.w.|w.w.Sw.Sw.w.|Sw.S.w.Sww.|S.w.Sw.Sw.S.|S.w.Sw.Sww.|S.w.S.w.S.ww.|Sw.w.w.Sww.|w.w.Sw.Sww.|Sw.Sw.S.w.S.|Sw.w.w.Sw.w.|Sw.w.w.Sww.|Sww.w.Sw.S.|S.w.w.w.Sw.S.|Sw.S.w.Sw.w.|w.S.S.w.Sw.w.|Sw.Sw.Sw.w.|Swww.Sww.|S.w.Sw.Sw.S.|Sw.S.w.S.w.S.|Sw.Sw.S.w.S.|w.w.w.w.Sww.|S.w.Sw.Sw.w.|Sw.Sw.S.w.S.|Sw.Sw.Sww.|Swww.w.S.S.|,T4
54,"Táborský, František",Do album.,1858.0,1884.0,w.Sw.Sw.S.ww.w.w.|w.Sw.Sw.w.w.Sw.Sw.|w.Sw.Sww.w.Sw.Sw.|w.Sww.w.Sw.w.w.S.|S.Sw.Sww.w.Sww.w.|w.Sw.w.w.Sw.Sw.S.|w.Sw.w.w.Sw.Swww.|w.S.w.S.w.w.w.Sw.S.|w.Sw.Sw.Sww.w.w.|w.Sw.Sw.w.S.Sw.Sw.|w.Sw.Sw.Sw.Sw.Sw.|w.Sw.w.w.S.w.Sww.|w.Sw.S.w.S.w.w.w.S.|w.Swww.Sw.Sw.Sw.|w.Sw.Sww.w.Sw.Sw.|w.Sw.S.w.Sw.w.w.S.|w.Sw.Sw.w.w.Sww.|w.Sw.S.w.S.w.Sw.Sw.|w.Swww.S.w.Sw.Sw.|w.Sw.w.w.Sw.Sww.|w.Sw.w.S.w.S.Sw.S.|w.Sww.w.S.ww.w.Sw.|w.Sww.w.w.S.Sw.S.|w.S.w.Sw.Sw.Swww.|,J5
55,"Züngel, Emanuel",Velebnému pánu,1840.0,1882.0,Swww.Sw.|Sw.Sw.Sw.|Sw.Sw.Sw.|Sww.w.Sw.|,T3
56,"Heyduk, Adolf",Vše se změní...,1835.0,1900.0,Sw.Sww.w.Sw.Sw.|S.www.Sw.Sw.Sw.|Sww.w.Sw.Sw.Sw.|S.w.Sw.Sw.Sw.Sw.|Sw.Sw.S.w.Sw.Sw.|Sw.Sw.Sww.w.Sw.|S.Sww.Sw.Sw.Sw.|w.w.Sw.Sw.Swww.|Sw.Sw.Sw.w.w.Sw.|Sw.Sw.Sww.w.Sw.|Sww.w.Sw.Sw.Sw.|Sw.S.w.Sww.w.Sw.|Sw.Sw.S.w.Sw.Sw.|Sw.Sw.Sw.Sw.Sw.|w.w.Sw.Sw.Sw.Sw.|S.w.Sw.Sww.w.Sw.|,T5
57,"Vrchlický, Jaroslav",Stesk Magdaleny.,1853.0,1900.0,S.w.Sw.S.w.Sw.|S.w.Sw.Sw.Sw.|w.w.Sw.Sw.Sw.|Sww.w.Sw.Sw.|w.w.Sw.S.www.|Sww.w.Sw.Sw.|,T4
58,"Sládek, Josef Václav",Tvůj rušit mír – nač bych to chtěl.,1845.0,1887.0,w.Sw.S.w.w.w.S.|w.Sw.Sw.Sw.|S.S.w.Swww.S.|w.S.ww.w.Sw.|S.Sw.Sw.Sw.S.|w.S.S.Sw.Sw.|w.Sw.Sw.Sww.|w.S.www.Sw.|w.Sw.Sw.Sww.|w.S.ww.w.Sw.|w.S.w.Sw.Sww.|w.w.w.Sw.Sw.|w.Sw.S.w.Sww.|w.Sww.w.S.w.|w.Sww.w.Sww.|S.Sw.Sw.Sw.|,J3_J4
59,"Machar, Josef Svatopluk",KU KAPITOLÁM Z MÉHO ROMANU ALBUM,1864.0,1935.0,w.Swww.Swww.|w.Sw.Sw.Swww.|w.Sw.Sw.S.ww.|w.Sww.w.Sw.Sw.|w.Sw.Sw.Swww.|S.Sw.Sw.Sww.|S.w.w.Sw.S.www.|S.ww.Sw.Swww.|w.Sw.Sw.Sww.|w.Sw.Sw.S.www.|w.Sw.Sw.Sw.Sw.|w.S.w.Sw.Sww.|w.Sw.Sw.Sww.w.|S.Sw.Sw.Sw.Sw.|w.Swww.Sw.w.|S.Sw.Sw.Sw.Sw.|w.S.w.Sw.Swww.|w.S.S.Sw.Sww.|S.ww.Sw.Sw.Sw.|w.Sw.Swww.Sw.|w.Sw.w.w.Sww.|w.Sw.Sw.Sw.Sw.|w.Sw.Sw.Swww.|w.Sw.Sw.Sw.w.|S.ww.Sw.Swww.|w.Sww.w.Sw.Sw.|S.Sw.Sw.Sw.w.|w.Sw.Sw.Swww.|w.Sw.Sw.Swww.|w.Sw.Sww.w.w.|w.Sw.Sw.S.w.Sw.|w.Sww.w.Sww.w.|w.Swww.Sw.w.|w.Sw.Sw.Sw.Sw.|w.Sw.Sw.Swww.|w.Sw.Sw.Sww.|w.Sw.Sw.Swww.|w.w.w.Sw.Sw.Sw.|Sww.Sw.Sw.S.|S.Swww.Swww.|w.Sw.w.w.Swww.|w.Sw.Sw.Sw.S.|w.Sw.Sww.w.Sw.|w.Sww.w.Sw.Sw.|w.Sw.Sw.Sww.|S.S.ww.S.ww.Sw.|w.Sw.Sw.Sw.Sw.|w.Sw.Sw.Sww.|S.S.ww.S.Sw.Sw.|w.Sw.Sw.S.w.Sw.|w.Sw.w.w.Sww.|w.Sw.Sw.Swww.|w.Sww.S.Swww.|Sww.Sw.Sww.|w.Sw.Sw.Swww.|w.Swww.Sw.Sw.|w.Sww.S.Sww.|w.Sw.Sw.Sw.Sw.|w.S.w.Sw.Sw.Sw.|S.ww.Swww.w.|w.w.w.Sww.w.Sw.|w.Sww.w.Sw.Sw.|w.Sw.S.w.Sww.|Sww.Sw.Sw.Sw.|w.Swww.Swww.|w.Swww.S.S.S.|Sww.Sw.S.w.Sw.|w.Swww.Swww.|w.Sw.Sw.Sw.S.|Sww.Sw.Sw.Sw.|w.Sww.S.ww.Sw.|Sww.Sw.Sw.w.|w.Sww.w.S.www.|S.ww.Sw.Swww.|w.Sw.Sw.Sww.|w.w.w.Sw.Sw.Sw.|w.Sww.w.Sw.Sw.|w.Sw.S.w.Sww.|,J4
60,"Pfleger Moravský, Gustav",XXVI.,1833.0,1859.0,w.Sww.S.Sw.Sw.Sw.|w.Sw.Sw.Sw.Sww.|w.Sw.Sw.S.www.Sw.|w.S.w.Sw.Sw.Sww.|w.Sw.Sw.w.w.Sw.Sw.|w.w.w.Sw.Sw.Swww.|w.Sw.Sw.Sw.S.www.|w.Sw.S.w.Sw.Swww.|Sww.Sw.Sw.Sw.Sw.|w.Sw.Sw.Sw.Swww.|w.Swww.Sw.Swww.|,J5
61,"Quis, Ladislav",Zlatá mládež.,1846.0,1887.0,Sww.Sw.Sww.|S.Sw.w.w.Sw.|S.Sw.Sw.Sww.|S.w.w.Sw.Sw.|w.Sw.w.w.Sw.w.|w.Sw.Sw.Sw.|w.S.w.Sw.Sww.|w.Sw.Sw.Sww.|w.Sw.Sw.Sw.|S.ww.Sw.Sww.|S.ww.Sw.Sw.|Sww.Sw.Sww.|w.Sw.Sw.Sw.|S.ww.w.S.ww.w.|w.Sww.S.Sw.|S.ww.Sw.Sw.w.|w.Sww.w.Sw.S.|w.Sw.Sw.Sw.|w.Sw.Sw.Sw.S.|w.Sw.S.w.Sw.|w.Sw.Sw.Sw.S.|w.w.w.Sw.Sw.|w.Sw.w.w.Sw.w.|Sww.Sw.Sw.|Sww.Sw.Sw.S.|w.Sw.Sw.Sw.S.|w.Sw.Sw.Sw.|w.S.w.Sw.Sw.w.|w.S.ww.w.Sw.|Sw.w.Sw.Sw.S.|Sww.Sw.Sw.|w.Sw.w.w.Sw.w.|w.Sw.Sw.Sw.|w.S.w.Sw.Sww.|S.ww.Sw.Sww.|w.Sw.Sw.Sw.|Sww.Sw.Sww.|w.Sw.Sw.Sw.|S.ww.Sw.S.ww.|w.Sw.Sw.Sw.|S.Sw.w.S.Sw.w.|Sww.Sw.Sw.|w.Sw.S.w.Sww.|S.ww.w.w.S.ww.|w.Sw.Sw.Sw.|,J3_J4
62,"Machar, Josef Svatopluk",ANDREA DEL SARTO.,1864.0,1911.0,w.Sw.Sw.S.w.Swww.|Sww.S.w.S.www.Sw.|w.Sw.w.w.Sw.w.w.Sw.|Sww.Sww.w.Sw.Sw.|w.Sw.Sw.S.w.Sw.Sw.|Sww.Sw.S.w.Swww.|Sww.Sw.Sww.w.Sw.|S.w.w.Swww.Sw.S.w.|S.Sww.w.Sww.w.Sw.|w.Sww.w.Sw.Sw.Sw.|w.Sw.Sw.S.w.w.w.Sw.|Sww.Sw.S.w.Swww.|w.Swww.Sww.w.Sw.|w.Sw.Sw.S.w.w.w.Sw.|w.Sww.w.Sw.Swww.|S.Sw.Sw.Sw.w.w.Sw.|w.w.w.Sw.S.w.Sw.Sw.|w.Swww.S.w.S.www.|Sww.Sw.Sw.Sw.Sw.|w.Sww.w.Sww.w.Sw.|Sww.Sw.Sw.S.www.|Sww.Sw.Sw.Swww.|w.Swww.Sw.Swww.|w.Sw.Sw.w.w.Sw.Sw.|w.Sww.w.Sw.S.w.Sw.|Sww.Sw.Sw.Sw.Sw.|Sww.Swww.Sw.Sw.|w.Sww.w.Sw.Swww.|w.Sww.w.S.www.Sw.|w.w.w.Sw.Sw.Swww.|w.Sw.w.w.S.w.Sw.Sw.|w.Sww.w.Swww.Sw.|w.Sww.w.S.w.Sw.Sw.|S.Sw.Sw.S.w.Sw.Sw.|w.Sw.Sw.S.w.Sw.Sw.|Sww.Sw.S.w.S.w.Sw.|w.Sww.w.S.w.Swww.|w.Sw.Sww.w.w.w.Sw.|w.S.ww.w.Sw.Swww.|Sww.Sw.S.w.Swww.|w.Sw.w.w.Sw.Sw.Sw.|S.ww.Sw.Sw.w.w.Sw.|w.Sw.Sw.Sww.w.Sw.|w.Sww.w.Sw.Swww.|w.Swww.Sw.Sw.Sw.|w.Sw.w.w.S.w.S.w.Sw.|S.Sww.w.Sww.w.Sw.|w.Sw.Swww.Sw.Sw.|w.Sw.Sww.w.Sw.Sw.|S.Sw.w.w.w.w.Sww.w.|w.Sw.Sw.Sw.S.www.|w.Sw.w.w.Sw.Sww.w.|w.Sw.w.w.S.w.Sw.Sw.|w.Sww.w.S.w.Sw.Sw.|w.Sww.w.Sw.Sw.Sw.|w.Sww.w.Sww.S.Sw.|w.Swww.S.w.S.w.Sw.|w.Sw.Sw.S.w.Sw.Sw.|w.Sw.Sw.Sww.w.Sw.|S.w.w.Sw.S.w.Swww.|w.Swww.S.www.Sw.|w.Sww.w.Sww.w.Sw.|Sww.Sw.Sw.S.www.|w.Sw.w.w.Sw.Swww.|w.Sw.S.w.Sw.Sw.Sw.|Sww.S.www.Sw.Sw.|w.S.w.Sw.S.w.Sw.Sw.|S.Sww.w.S.ww.w.Sw.|w.Swww.Sw.Sw.Sw.|Sww.S.w.Sww.S.Sw.|w.Sw.Sw.Sw.Sww.w.|w.Sww.S.Sww.w.Sw.|S.ww.Sww.w.Sw.Sw.|w.Swww.w.w.Sw.Sw.|Sww.Sw.Swww.Sw.|w.Sww.w.Sw.Sw.Sw.|w.S.w.Sw.Sw.w.w.Sw.|w.Sw.Sw.S.www.Sw.|w.Sw.w.w.S.S.w.w.Sw.|w.Sww.w.Sw.Sw.Sw.|w.Sw.Sww.w.Sw.Sw.|w.Sw.Sw.Sww.w.Sw.|w.Sw.Sw.S.w.Swww.|Sww.Sw.S.w.Sw.Sw.|w.Sw.Swww.w.S.Sw.|Sww.Sw.Sw.Swww.|w.Sw.S.w.Sww.w.Sw.|w.Swww.Sw.Swww.|w.Sw.Sw.Sw.Sw.S.w.|w.w.w.Sw.w.S.S.w.Sw.|w.Sw.Sw.w.w.Swww.|w.Sww.w.Sww.S.Sw.|S.w.w.Sw.Sw.Sww.w.|w.Swww.w.w.Sw.Sw.|S.Sw.w.S.S.w.S.w.Sw.|w.Sww.w.w.Sww.Sw.|w.Sw.w.w.Sww.w.Sw.|w.Sw.Sw.S.www.Sw.|w.Sw.w.w.Swww.Sw.|w.Sw.Sw.Sw.Sw.Sw.|w.Sww.w.Sw.Sw.Sw.|w.Sw.Sww.S.Sw.Sw.|w.Sw.S.w.Sww.w.Sw.|w.Sw.S.w.Sw.Sw.Sw.|w.Sw.w.w.Sw.S.w.Sw.|Sww.Sw.Sw.S.www.|S.w.w.Sw.S.ww.w.Sw.|Sww.Swww.w.S.Sw.|w.Sw.Sww.w.Sw.Sw.|S.w.w.S.w.Sw.Sw.Sw.|Sww.Sw.Sww.S.Sw.|w.Sw.w.w.Sw.Swww.|S.Sw.Sw.Sw.Sw.S.w.|w.Sw.w.w.Sww.w.Sw.|w.w.w.Sw.w.w.Swww.|Sww.Sw.Sw.w.w.Sw.|w.Sw.S.w.Sw.w.w.Sw.|S.Sw.w.w.Sww.w.Sw.|S.ww.Sw.Sww.w.Sw.|w.Sww.w.Swww.Sw.|w.Sww.w.Sw.w.w.Sw.|S.Sw.S.w.Swww.Sw.|w.Sw.Sw.S.w.Sw.Sw.|w.Swww.w.w.Sw.Sw.|w.w.w.Sw.Sw.Sw.Sw.|w.Swww.Sw.Sw.Sw.|Sww.Sw.Sw.S.w.Sw.|w.Sww.w.Sw.Sw.Sw.|w.Swww.w.S.ww.Sw.|w.Sw.Sww.w.Sw.Sw.|S.w.Sww.Sw.Sww.w.|w.Sw.S.www.Sw.Sw.|S.Sw.w.w.w.S.Swww.|S.w.w.Sw.S.w.Swww.|S.www.w.Swww.Sw.|w.Sw.w.S.w.w.Swww.|w.Sww.w.S.wwwww.|w.Sw.Sw.Sw.Swww.|S.w.w.Sww.w.Sw.Sw.|w.Sww.w.S.w.Sw.Sw.|S.ww.Sw.Sw.Swww.|S.ww.Sw.Sw.Sw.Sw.|w.Sw.w.w.Sw.Sww.w.|w.Sw.w.w.Sw.S.www.|w.Sw.Sw.Sw.Sw.Sw.|S.Swww.Sw.Sw.Sw.|w.Sw.w.w.Sww.w.Sw.|w.Sww.w.Sww.w.Sw.|S.Sw.S.w.Sw.Sw.Sw.|w.Sw.Sw.S.w.Sw.Sw.|Sww.S.w.w.w.Swww.|w.Sw.Sww.S.Sw.Sw.|S.ww.S.w.Sw.Swww.|S.Sw.Sw.Sww.w.Sw.|w.Sw.S.w.Sww.w.Sw.|w.Sw.Sw.Sw.S.w.Sw.|w.Sw.Sw.Swww.Sw.|w.Sw.Sw.Sw.S.w.Sw.|w.S.w.w.w.Sw.Swww.|w.S.w.Sw.Swwwww.|w.w.w.Sw.S.www.Sw.|w.Sw.Sw.S.w.Sww.S.|w.Sw.Swww.S.w.Sw.|Sww.Sw.S.w.Sw.Sw.|w.Sw.Sww.w.Sw.Sw.|w.Sw.Sww.S.Sw.Sw.|w.w.w.Swww.S.w.Sw.|w.S.w.Sw.Sw.Sw.Sw.|w.Sw.Sw.Sw.Sw.Sw.|Sww.S.www.Swww.|w.Sw.w.w.Sww.w.Sw.|w.S.w.Sww.w.Swww.|Sww.Sw.S.w.Sw.Sw.|S.Sw.Sw.Sw.Sw.Sw.|w.Sww.w.w.w.Swww.|w.Sw.Sw.Sw.w.S.Sw.|w.Sw.Sw.Sww.w.Sw.|w.Sw.S.w.Sw.Sw.Sw.|S.Sw.Sw.S.w.Swww.|Sww.Sw.Sw.Swww.|S.Sw.Sw.Sw.S.www.|,J5
63,"Čacká, Marie",Posmívejte vy se,1811.0,1857.0,Swww.w.w.|w.w.Sw.Sw.|w.w.Swww.|w.w.Swww.|Sw.w.w.Sw.|w.S.ww.Sw.|Sw.Sw.Sw.|Sw.Swww.|,T3
64,"Fučík, Milan",IV.,1876.0,1899.0,w.w.Sw.Sw.Sw.|Sw.Sw.Sw.Sw.|Sw.Sw.Swww.|w.S.S.w.Sw.Sw.|Sww.w.Sw.Sw.|Sww.w.Sw.Sw.|Sw.w.w.Sw.Sw.|Sww.w.Sw.Sw.|Sw.w.S.ww.Sw.|Sw.w.w.Swww.|S.w.Sw.Swww.|Sw.w.w.Sw.Sw.|w.w.Sw.S.w.Sw.|Sw.Sw.Sw.Sw.|w.w.Sw.Sw.Sw.|w.w.Sw.Swww.|w.w.Sw.Sw.Sw.|Sw.Sw.Sw.Sw.|Sw.Sw.Swww.|w.S.S.w.Sw.Sw.|,T4
65,"Calma, Marie",Sníh stopy zavál – větve modřínu,1881.0,1923.0,S.Sw.Sw.Sw.Sww.|Sww.Sw.Sw.S.ww.|Sww.Sw.Sw.Sww.|Sww.Sw.Sw.Sww.|w.Sw.Sw.Swww.Sw.|w.Sww.w.Sw.Sw.Sw.|w.Sw.w.w.Sw.Sww.|S.Sw.Sw.Sw.Sww.|w.S.www.Sw.Sww.|Sww.Sw.Sw.Sw.w.|w.Sw.S.w.Sw.Sww.|w.Sw.Sww.w.Sww.|w.Sw.Sww.w.S.ww.|S.Sw.w.w.Sww.|w.S.w.Sw.S.|w.Sww.S.Sw.Sww.|w.Sww.S.w.S.Sww.|w.Sw.Sww.w.Sww.|w.Sw.Sw.Sw.Sw.S.|S.Swww.Sww.w.S.|S.ww.Sw.Sw.Sw.S.|S.ww.S.w.Sw.Sww.|w.Sw.Sw.Sw.Sw.w.|S.Sww.w.Swww.S.|w.Sww.w.Swww.S.|w.Sw.Sw.Sw.Sww.|S.www.w.Sw.Sww.|w.Sww.w.S.ww.w.S.|S.Sw.Sw.Sw.Sww.|,J5
66,"Machar, Josef Svatopluk",GIOTTO,1864.0,1937.0,Sw.Sw.S.www.Sw.|Swww.Sw.Swww.|Sw.Sw.Sw.Sw.Sw.|S.w.S.S.Swww.Sw.|Sw.Sww.w.Sw.Sw.|Sw.Sww.w.Sw.Sw.|Sw.Sww.w.S.www.|Sw.Sw.S.w.Sw.Sw.|Swww.Sww.w.Sw.|w.w.S.w.Sw.Sw.Sw.|S.www.Sw.Sw.Sw.|w.S.Sw.Sw.S.w.Sw.|S.ww.w.Sw.Sw.Sw.|Sw.Sw.Sw.Sw.Sw.|Swww.Sw.Sw.Sw.|w.S.w.w.Sw.Sw.Sw.|w.w.Sw.Sw.Sww.w.|Sw.Sw.Swww.Sw.|Sw.Sw.Sw.Sw.Sw.|Sww.w.Sw.Sw.Sw.|w.w.Sw.Sw.Sww.w.|Sw.Sw.S.ww.w.Sw.|Sw.Sw.Sw.S.www.|Swww.Sw.S.www.|Sw.Sww.w.Sw.Sw.|Sww.w.Sw.w.S.Sw.|S.ww.w.Sw.Sw.Sw.|S.S.Sw.S.w.Swww.|Sww.w.S.w.Sw.Sw.|Swww.S.w.Sw.Sw.|Sw.Sw.w.w.Swww.|Sw.Sw.S.ww.w.Sw.|Sw.S.ww.w.Sw.Sw.|Sw.Swww.Sw.Sw.|Sw.Sw.|Sw.Sww.w.|Sww.w.Sw.Sw.Sw.|S.S.Sw.Sw.Swww.|S.w.S.w.Sw.Sw.Sw.|Sww.w.Sww.w.Sw.|Sw.Sw.Sww.w.Sw.|w.S.Sw.Sw.Swww.|w.w.Swww.S.w.Sw.|Sw.S.w.Sw.Sw.Sw.|Sw.Sw.Sw.Swww.|w.w.Sw.Sw.S.www.|Sww.S.ww.Sw.Sw.|Sw.Sw.Swww.Sw.|Sw.S.ww.w.S.www.|,T5
67,"Ambrož, Vilém",Památce Sušilově.,1846.0,1883.0,w.w.Sw.Sw.Sw.Sw.|Sw.Sw.Sw.Sw.Sw.|Sw.Sw.S.ww.w.Sw.|Sw.Sw.Sw.Sw.Sw.|Sw.Sw.w.w.Sw.Sw.|S.w.Sw.Sw.Sw.Sw.|Sw.Sw.S.www.Sw.|Sw.w.w.Sw.S.www.|Sw.Sw.Sw.Sw.Sw.|Sww.w.Sw.w.w.Sw.|S.www.Sw.Sw.Sw.|w.w.Sw.Sw.Sw.Sw.|w.w.Sw.Sw.Sw.Sw.|Sw.Sw.w.w.S.www.|Sw.Sw.Sw.Sw.Sw.|Sw.Sw.Sw.Sw.Sw.|Swww.Sw.Sw.Sw.|S.ww.w.Sw.Sw.Sw.|Sww.w.Sw.Sw.Sw.|S.www.w.w.Sw.Sw.|Sw.Sww.w.Sw.Sw.|Sw.S.w.Sw.Sw.Sw.|Sw.w.w.Sw.Sw.Sw.|S.w.Sw.Sw.S.www.|w.S.w.w.Sw.Swww.|Sw.Sw.Sw.Swww.|Sww.w.Sw.Sw.Sw.|Sw.Swww.Sw.Sw.|S.w.Sw.Sw.Sw.Sw.|Sww.w.w.S.Swww.|Sww.w.S.w.Sw.Sw.|Sw.S.www.Sw.Sw.|S.w.Sw.w.w.Sw.Sw.|Sw.Swww.Sw.Sw.|Sw.Sw.Sw.Sw.w.S.w.|Sw.S.ww.w.S.w.Sww.|,T5
68,"Kamarýt, Josef Vlastimil",639.,1797.0,1834.0,S.w.Sw.Sw.Sw.|Sw.Sw.Sw.Sw.|,T4
69,"Kollár, Jan",109. Hrůzou tužby puzen nezkrocenou,1793.0,1824.0,Sw.Sw.Sw.Swww.|Sw.Sw.S.w.Sww.|S.w.Sw.Sw.Sww.|S.w.Sw.Sw.Sw.Sw.|Sw.Sw.Sw.Sw.Sw.|Sw.Sw.Sw.Sww.|S.w.Sw.w.S.Sww.|Sw.Sw.Sw.Swww.|w.w.w.w.Sw.Sw.Sw.|w.S.w.S.Sw.Sw.Sw.|w.S.Sw.w.S.w.w.Sw.|S.w.Sw.Sw.Sw.Sw.|w.S.Sw.Sw.Sw.Sw.|w.w.Sw.Swww.Sw.|,T5
70,"Neruda, Jan","8 Když dal osud píseň tobě – jen ne dlouhou, jen ne dlouhou!",1834.0,1956.0,w.S.Sw.Sw.Sw.w.w.Sw.S.w.Sw.|Swww.Sw.Sw.|Sw.w.w.Swww.|Sww.w.Sww.w.|Sw.Sw.S.w.Sw.|w.S.Sw.Sw.Sw.w.w.Sw.S.w.Sw.|Sw.w.w.Sw.Sw.|Sw.Sww.w.Sw.|Sww.w.Sw.Sw.|Sww.w.Sw.Sw.|,T4
71,"Heyduk, Adolf",Všude květ.,1835.0,1903.0,S.ww.Sw.Sww.|S.Sww.w.S.|S.Sww.w.S.ww.|S.Sw.Sw.Sww.|w.S.w.Sw.S.|S.Sw.Sw.Sww.|w.S.S.w.w.w.|S.Sw.S.w.S.ww.|w.Sw.Sw.Sww.|w.Sw.Sw.w.|w.Sww.w.S.w.S.|w.Sw.Sw.S.|S.Swww.S.ww.|w.S.ww.S.Sw.S.|w.Sw.Sw.S.|w.Sw.w.w.Sww.|S.ww.Sw.S.|w.S.w.Sw.Sw.w.|S.Sw.S.w.S.w.S.|w.Sw.w.w.S.|w.Sw.Sw.w.w.S.|S.S.w.Sw.S.|w.Sw.Sw.Sw.S.|w.S.ww.w.Sw.S.|w.S.w.Sww.|,J3_J4
72,"Lešehrad, Emanuel",Z hlubin.,1877.0,1901.0,w.Sww.w.Sw.Sw.|Sww.Sw.Sw.Sw.|w.Sw.Sw.Swww.|w.Sw.Sw.Sw.Sw.|S.S.w.Sw.Sw.Sw.|w.Sw.Sw.Sw.Sw.|w.Sw.Sw.Swww.|S.Sw.Sw.Sw.Sw.|w.Sw.Sw.Sw.S.|w.Sw.Sw.Sw.S.|w.Sw.Sw.Sw.|w.Sw.S.w.Sw.S.|S.Sw.S.w.Sw.S.|w.S.w.Sw.Sw.|,J4
73,"Kollár, Jan","202. Kdyby každou žádost, předsevzetí,",1793.0,1832.0,Sw.Sw.Sw.Swww.|Sw.Sw.Sw.Sww.|Sw.Sw.Sw.Sww.|Sw.Sw.Sw.Sw.Sw.|w.w.Swww.Sw.Sw.|Sw.Sw.Sw.Sww.|Sw.Sw.Sw.Sww.|Swww.Sw.Swww.|Sw.S.w.Sw.Swww.|w.w.Sw.Sw.Sww.|S.ww.w.S.www.Sw.|w.w.Sw.Sw.Sw.Sw.|w.w.Sw.w.w.Sww.|Sw.Sw.Swww.Sw.|,T5
74,"Fischer, Otokar",ZLOMKY TRAGEDIE (Přítmí),1883.0,1934.0,w.S.w.S.w.Sww.w.w.|w.Sww.w.Sw.Sww.|S.Sw.S.w.S.w.S.ww.|w.S.w.Sw.w.w.Sw.w.|w.Sw.Sw.Sw.Sw.S.|S.Sw.Sw.Sw.Sww.|S.Sww.w.Sw.Sww.|S.Sw.Sww.S.Sww.|w.Sw.S.ww.w.Sww.|S.Sw.Sw.Sw.S.ww.|w.Sw.Sw.Swww.S.|S.Sw.Sw.Sw.Sw.w.|w.Sw.w.w.Sw.Sww.|w.Sw.w.w.S.www.S.|w.Swww.Sw.Sww.|w.Sww.w.w.w.Sw.S.|w.Sw.Sww.w.S.w.S.|S.Sw.Swww.S.w.S.|w.Sw.Sww.w.S.w.S.|S.Sw.Sw.Sw.Sww.|S.Sw.Sww.w.Sww.|S.Sw.S.S.Sw.S.ww.|w.S.S.Sww.w.Sww.|w.Sw.S.w.S.w.Sww.|w.Sww.w.Sw.Sw.S.|w.Swww.Sww.w.S.|w.Sw.Sw.w.w.S.S.w.|w.Sw.S.w.S.www.S.|,J5
75,"Bouška, Sigismund",TŘI NOCI.,1867.0,1904.0,Swww.Sw.Sw.|Sww.S.Swww.|Sww.S.wwww.|Sw.Sw.Sw.Sw.|S.www.Sw.Sw.|S.w.Sw.Sw.|Sww.w.Sw.Sw.|Sw.Sw.Sw.Sw.|S.www.S.www.|Sw.Sw.Sw.Sw.|Sw.Swww.Sw.|w.S.Sw.Sw.|Sw.Sw.S.S.Sw.|Sw.Sw.S.www.|Swww.Swww.|Sw.w.w.Swww.|S.www.Sw.Sw.|Sw.Sw.Sw.|Sw.Sw.S.S.Sw.|Sww.w.S.www.|Swww.Sw.Sw.|S.w.Sw.Sw.Sw.|w.S.Sw.Sw.Sw.|Sw.Sw.Sw.|Sww.w.Swww.|S.w.Sw.Sw.Sw.|Sw.Sw.S.w.Sw.|S.www.S.www.|S.Sww.Sw.Sw.|Sw.Sw.Sw.|Swww.Swww.|S.w.Sw.Sw.Sw.|Sw.Sw.S.w.Sw.|Sww.S.S.www.|Sw.S.w.S.www.|Sww.w.Sw.|S.w.Sw.Sw.Sw.|Sw.Sw.Sw.Sw.|Sww.w.Sw.Sw.|Sw.Sw.Sw.Sw.|Sw.Sw.S.www.|Sw.Swww.|w.w.Sw.Sw.Sw.|w.w.Sw.Swww.|Swww.Sw.Sw.|Sw.Sw.Sw.Sw.|Sww.w.Sw.Sw.|Sw.Sw.Sw.|Sw.Sw.Sw.Sw.|Sw.Sww.w.Sw.|Sww.w.Sw.Sw.|Sw.Sw.Sw.Sw.|Sw.Sw.Sw.Sw.|Sw.Sw.Sw.|Sw.Sw.Sw.Sw.|Sw.w.w.S.w.Sw.|Sw.Swww.Sw.|Sw.Sw.Sw.Sw.|Sw.Sw.Sw.Sw.|w.w.w.w.Sw.|Sw.Sw.Sw.Sw.|Sw.Sw.Sw.Sw.|Sw.Sw.Sw.|Sw.Sw.Sw.Sw.|Sww.w.Sw.Sw.|w.w.Sw.Sw.|Sww.w.Swww.|Sw.Sw.Swww.|w.w.Sw.Sw.|S.w.Sw.Sw.Sw.|w.S.ww.Swww.|Sww.w.Sw.|,T4
76,"Kuchař, Josef","40. Myšlénka, cit a dychtění",1847.0,1871.0,Sww.S.w.Sww.|w.Sw.Sw.S.|w.Sw.Sw.Sww.|Sww.Sww.|w.Sw.Sw.Sw.S.|w.Sw.Sw.S.|S.Sw.Sw.Sww.|Sww.S.w.S.|Sww.Sw.Sww.|w.Sw.Sw.S.|w.Sw.Sw.Sww.|w.Sw.Sww.|w.Sw.Sw.Sw.S.|Sww.Sw.S.|w.Sw.Sw.Sww.|w.Sww.w.S.|w.Sw.Sw.Sw.S.|w.Sw.S.w.S.|w.Sw.w.w.Sw.w.|w.Sw.Sw.S.|w.Sw.S.w.Sww.|w.Sw.Sw.S.|w.S.w.Sw.Sww.|w.Sw.Sw.Sww.|,J3_J4
77,"Vrchlický, Jaroslav",Osm reliefů ze života Jacchova. (VII. Utile cum dulci.),1853.0,1896.0,w.Sw.w.S.Sw.Sw.Sw.|w.Sw.Sw.S.w.Sw.Sw.|w.Sw.Sw.Sww.S.Sw.|w.w.w.Sw.Swww.Sw.|w.Sww.w.Swww.Sw.|w.Sw.Swww.Sw.Sw.|w.S.w.Sw.Sw.Sw.Sw.|w.Sw.Sw.Sw.Sw.Sw.|w.Sw.S.w.S.www.Sw.|w.Sw.Sww.w.Sw.Sw.|S.Sw.Sw.Sw.Sw.Sw.|w.Swww.Swww.Sw.|S.Sww.w.Sw.Sw.Sw.|S.Sww.S.Swww.Sw.|,J5
78,"Kolman Cassius, Jaroslav",NA HŘBITOVĚ,1883.0,1943.0,w.Sw.w.w.Sw.Sw.Sw.|w.Sw.Sw.w.w.Sww.|w.Sw.Sw.Swwwww.|S.Sw.Sw.Sw.S.ww.|w.Sw.Sw.Swww.Sw.|Sww.Sw.Swww.S.|w.Sw.w.w.Sw.Swww.|w.Sw.Sw.Sww.w.S.|w.Sw.Sww.w.Sw.Sw.|w.Sw.Sw.Swww.S.|S.w.w.Sw.S.w.S.w.Sw.|Swww.w.Sw.S.ww.|Sww.Sw.Sw.Sw.Sw.|Sww.S.w.Sw.Sww.|S.w.w.Sw.S.w.S.w.Sw.|w.Sw.Sw.Sw.Sw.w.|w.Sw.Sw.w.w.S.w.Sw.|w.Sw.Sw.Sw.Sw.S.|w.S.w.Sw.S.w.Sw.Sw.|Sww.S.w.Sw.Sww.|Sw.w.Sww.w.Sw.Sw.Sw.|w.Sw.Sww.w.Sww.w.S.|Sww.Sw.Swww.w.Sw.|w.Sw.S.Sww.S.w.S.|w.w.w.Sww.w.Sw.Sw.Sw.|S.ww.Sw.Sw.Sww.|Sww.Sww.w.Sw.Sw.Sw.|w.Sw.S.w.Sw.Sww.|w.S.www.Swww.Sw.|w.Swww.Sw.Sw.S.|w.Sww.w.S.w.S.w.Sw.|w.S.w.S.w.Sw.Sww.Sww.|,J5
79,"Sládek, Josef Václav",TRÁVA.,1845.0,1907.0,S.ww.w.Swww.|Sw.Sw.S.www.|w.w.Sw.Sw.Sw.|Sw.Sw.Sw.Sw.|S.w.Sw.Sw.Sw.|S.w.Sw.Sw.Sw.|Sw.w.w.Sw.Sw.|Sw.Sw.Swww.|,T4
80,"Zavřel, František",XXIV Života kouzlo zmizelo jak dým,1884.0,1941.0,Sww.Sw.Sww.w.S.|S.ww.Sw.Sww.|Sww.Sw.S.w.S.|S.wwww.Sw.S.|Sww.Sw.Sw.S.|,J4
81,"Čelakovský, František Ladislav",LII. Čí pronikne ducha síla,1799.0,1840.0,w.Sww.Sw.Sw.|Sw.Sw.Sww.|S.w.S.w.Sw.Sw.|Swww.Sww.|Sw.Sw.Sw.Sw.|S.www.Sww.|Sw.Sw.Sw.Sw.|S.w.Sw.Sww.|w.w.Sw.Sw.Sw.|Sw.Sw.w.Sww.|Sw.Sw.w.w.S.|Sw.Sw.Sw.S.|,T4
82,"Krásnohorská, Eliška",Krůpěje.,1847.0,1871.0,S.www.Sww.|Sww.w.Sw.|Sw.Sw.Sww.|Sw.Sw.Sw.|S.www.Sww.|Sw.Swww.|w.w.Swww.S.|Sw.Sw.Sw.|w.w.Sw.Sww.|Sw.Swww.|w.w.Sw.Sww.|Sw.Swww.|,T3_T4
83,"Čelakovský, František Ladislav",LXXIX. Již ve vísce mezi bory,1799.0,1840.0,w.S.ww.Sw.Sw.|Sww.w.Sww.|w.S.wwww.Sw.|Sw.S.w.Sww.|w.Sw.S.Swww.|Sw.S.S.www.|S.S.Sw.Swww.|S.w.Sw.S.ww.|S.w.Sw.Sw.Sw.|S.w.Sww.w.Sw.|Sw.Sw.Sww.|Sww.w.Sww.|,T4
84,"Vrchlický, Jaroslav",II. PAN GUILLEM DE CABESTAING. (V. Poslání.),1853.0,1897.0,w.Sw.Sw.Sw.|w.Sw.Sww.|w.Sw.S.w.Sw.|Sww.Sww.|S.Sw.Sw.Sw.|w.Sw.Sww.|w.Sw.S.w.Sw.|w.Sw.Sww.|w.Sw.Sw.Sw.|S.ww.S.ww.|Sw.w.Sw.Sw.|S.ww.S.ww.|w.S.w.Sw.Sw.|S.Sw.Sw.w.|w.Sw.w.S.Sw.|w.Sww.w.w.|S.Sw.Sw.Sw.|w.Sw.S.w.w.|w.Sw.Swww.|w.Sww.w.S.|,J3
85,"Šimeček, František",NA BŘEHU,1842.0,1954.0,S.ww.Sw.Sw.S.|S.Swww.Sw.S.|w.Sw.Sw.S.ww.|S.Sw.Sw.Sww.|w.Sw.S.w.Sww.|w.Sw.Sw.Sww.|w.w.w.Sw.Sw.S.|w.Sw.Sw.Sw.S.|w.w.w.Sw.Sww.|Sw.w.Sw.Sww.|Sww.Sw.S.ww.|Sww.Sw.Sww.|w.Sw.Sw.Sww.|S.Swww.Sww.|,J4
86,"Černý, Adolf",JEPTIŠKA.,1864.0,1897.0,w.Sw.Sw.S.ww.|w.Sww.w.Sw.Sw.|w.Sww.w.Sww.|w.Sw.Sw.Swww.|S.Sw.Sw.Sw.S.|S.S.w.w.Sww.Sw.S.|w.Sw.Sw.Sww.|w.Sw.Sw.Sw.Sw.|S.Sw.Sw.Sw.w.|w.S.ww.w.Sw.Sw.|w.Sw.w.w.Sw.S.|S.S.w.w.Sww.Sw.S.|w.w.w.Sw.w.w.S.|w.Sw.Sw.S.w.Sw.|w.Sw.Sw.w.w.S.|Sww.Swww.Sw.|w.Sw.S.w.w.w.S.|S.S.w.w.Sww.Sw.S.|w.Sw.S.w.Sww.|S.ww.Sw.Sw.Sw.|S.w.w.Sw.Sw.S.|Sww.Sw.Sw.Sw.|w.w.w.S.w.Sww.|S.S.w.w.Sww.Sw.S.|S.Sw.Sw.Sw.S.|w.w.w.Sw.Sw.Sw.|S.S.w.Sw.S.w.w.|w.Sww.w.Sw.Sw.|w.Sw.S.www.S.|S.S.w.w.Sww.Sw.S.|w.w.S.w.w.Sww.|S.S.w.Sw.S.w.Sw.|w.Sw.w.S.w.w.S.|w.Sww.S.Sw.Sw.|w.w.w.Sw.Sww.|S.S.w.w.Sww.Sw.S.|,J4
87,"Červinka, Otakar",KRÁL ZIKMUND. (I.),1846.0,1921.0,S.www.Sw.Sw.Sw.|Sw.Sw.Sw.Swww.|Swww.S.ww.S.Sw.|Sww.w.Swww.Sw.|w.w.S.w.Sw.S.www.|Sw.Sww.w.Sw.S.w.|Sw.w.w.Sw.Sw.Sw.|Sw.Sww.w.Sw.Sw.|Sw.w.S.w.w.Sw.Sw.|S.w.Sw.Sww.w.Sw.|Sw.Sw.Sw.Swww.|Sw.Sw.Sw.S.w.Sw.|Sww.w.S.ww.w.Sw.|Sw.Sw.Swww.Sw.|Sw.Sw.S.S.ww.Sw.|Sw.Sww.w.Sw.S.w.|Sw.Sw.Sw.Sw.Sw.|S.w.Sww.S.ww.Sw.|Sww.w.Sw.Sw.Sw.|Sww.w.Sw.Sw.Sw.|Sww.w.Sw.Sw.Sw.|S.www.Sw.Sw.Sw.|,T5
88,"Škampa, Alois",Zima na přívoze.,1861.0,1883.0,S.Sw.Sw.Swww.Sw.|S.Sw.Sw.Sw.Sw.Sw.|w.Sw.Sw.Sw.Sw.Sw.|w.Sw.Sw.S.w.Sw.Sw.|S.ww.S.w.Sw.Sw.Sw.|Sww.Sw.Swww.Sw.|w.S.ww.w.Sw.Swww.|S.Sw.Sw.Sw.Sw.Sw.|w.Sww.w.Sw.Sw.Sw.|w.Sww.w.Sw.Sw.Sw.|w.Sw.Sw.S.www.Sw.|w.Sw.Sw.Sw.Sw.Sw.|w.Sw.Sw.S.w.Sw.Sw.|w.Sw.w.w.Sw.S.www.|w.Sww.S.ww.Sw.Sw.|S.Sw.Sw.Sw.Sw.Sw.|S.Sw.Sw.Sw.Sw.Sw.|w.Sw.Sw.S.ww.w.Sw.|S.ww.Sw.Sw.Sw.Sw.|w.Sw.Sw.Sw.Sw.Sw.|w.S.ww.w.Sw.Sww.w.|w.Sw.Sw.S.w.Sw.Sw.|Sww.Sw.Sw.Sw.Sw.|S.Sw.Sw.Sw.Sw.Sw.|w.Sw.Sw.Swww.Sw.|w.Sww.S.Sw.S.w.Sw.|w.Sw.Sw.Sw.Sw.Sw.|S.Sw.Sw.Sw.Swww.|S.Sw.S.w.Sw.Sw.Sw.|S.Sw.Sw.S.w.Sw.w.S.|w.Sw.Sw.Sw.Sw.Sw.|S.Sw.Sw.Sw.S.www.|w.S.ww.w.Sw.Swww.|S.w.w.Sw.Sw.Sw.Sw.|w.Sw.S.w.Sw.S.w.Sw.|w.S.www.Sw.Sw.Sw.|Sww.Sw.Sw.Swww.|w.Sw.Sw.Sw.Sw.Sw.|S.w.w.Sw.Sw.Sw.Sw.|Sww.w.w.Sw.Sw.Sw.|w.Swww.Sw.Swww.|w.Sww.w.Swww.Sw.|w.Sw.Sw.Sw.Sww.S.|w.Sw.Sw.Sw.Sw.Sw.|w.Sw.S.w.Sww.w.Sw.|w.Sww.w.Sw.Sw.Sw.|w.Sw.Sw.Sw.Sw.Sw.|Sww.Sw.Swww.Sw.|w.Sw.Sw.Sw.Sw.Sw.|w.Sw.Sw.Sw.S.www.|S.ww.S.S.Sw.Sw.Sw.|S.w.w.Sw.Sw.S.w.Sw.|Sw.w.Sw.S.w.Sw.Sw.|w.Sw.Sw.Sw.Sw.Sw.|w.Sw.Sw.S.www.Sw.|w.Sw.Sw.Sw.Swww.|w.Sw.Sw.Sw.Sw.Sw.|w.Sw.Sw.Sw.Sw.Sw.|S.Swww.Sw.Sw.Sw.|w.Sw.Sw.Sw.S.www.|,J5
89,"Babánek, Karel","14. Den k večeru se chýlí,",1872.0,1908.0,S.Sww.w.Sw.|Sww.Sw.S.|w.Sw.Sw.Sw.|w.S.www.S.|Sww.S.w.Sw.|Sww.Sw.w.|S.S.w.Sw.Sw.|S.ww.Sw.S.|w.Sw.S.www.|w.Sw.Sw.S.|w.Sw.Sw.Sw.|w.Sw.Sw.S.|,J3
90,"Černý, Adolf",Můj sen.,1864.0,1902.0,w.w.S.w.Sw.Sw.Sww.w.|Sw.Sw.Sw.Sw.Sww.|Sw.S.w.Sw.Sw.w.w.Sw.|Sw.Sw.Sw.Sw.Sww.|w.w.S.w.Sw.S.www.Sw.|Sw.w.w.S.w.Sw.Sww.|Sw.Sw.Sw.Sw.Sw.Sw.|w.w.Sw.S.w.S.w.Sww.|w.S.S.w.Sw.S.w.Sw.Sw.|w.w.Swww.Sw.Sww.|Sww.w.Sw.Sw.Sw.Sw.|w.w.S.w.Sw.Sw.Sww.|Sw.Swww.S.w.Sw.Sw.|Sw.Swww.Sw.Sww.|Sw.Sw.w.w.Sw.Sw.Sw.|Sw.Sw.Sw.Sw.Sww.|w.w.Sww.w.Sww.w.Sw.|S.w.Sw.Sw.Sw.Sww.|S.w.Sw.Sw.S.w.Sw.Sw.|Sw.w.w.Sw.Sw.S.ww.|S.w.Sw.S.w.Sw.Swww.|Sw.Sw.Sw.Sw.Sww.|S.w.Sw.Sw.S.w.Swww.|w.w.Sww.S.Sw.Sww.|Sw.w.w.S.w.Sw.Swww.|Sw.S.w.Sw.Sw.Sww.|w.S.Swww.Sw.w.w.Sw.|w.w.S.w.Sw.Sw.Sww.|,T6
91,"Červenka, Jan",NENÁVISTI.,1861.0,1886.0,S.wwww.Sw.Sw.Sw.|S.ww.Sww.w.Sw.S.|w.Sw.Sw.Sw.Sw.Sw.|S.ww.Sw.Sw.S.w.S.|w.Sww.w.Sw.Sw.Sw.|w.S.www.S.w.Sw.w.|S.w.w.Sw.Sw.Sw.Sw.|w.S.w.S.w.Sw.Sww.|S.Sw.Sww.S.w.w.Sw.|w.Sw.Sw.Sww.w.S.|w.Sw.Sw.Sw.Sw.Sw.|w.Sww.S.ww.Sww.|S.w.w.Sw.Sww.w.Sw.|S.ww.Sw.Sw.Sww.|w.Swww.Sw.S.w.Sw.|w.Sww.S.Sw.Sww.|w.S.w.Sw.Swww.Sw.|w.Sw.S.w.Sw.Sww.|w.Sw.S.w.Sww.w.Sw.|w.S.www.Sw.Sww.|,J5
92,"Spáčil Žeranovský, Jan",A PŘECE....,1857.0,1909.0,S.w.w.Sw.w.w.Sw.|w.Sw.Sw.Sww.|w.Sw.Sw.Sw.Sw.|w.Sw.Sw.Sw.S.|w.S.w.Sw.Sw.Sw.|w.S.w.Sw.Sww.|w.Sw.Sw.Sw.Sw.|w.Sw.Sw.Sww.|w.S.w.w.S.Sw.Sw.|S.Sw.S.w.Sww.|w.Sw.Sw.S.w.Sw.|w.Sw.Sw.Sww.|w.S.w.w.S.Sw.Sw.|w.S.w.Sw.Sw.S.|w.Sw.S.w.Sw.Sw.|w.S.S.Sw.Sww.|w.Sw.Swww.Sw.|w.S.w.S.w.Sw.S.|w.Sw.Sw.S.w.Sw.|w.Sw.Sw.Sw.w.|,J4
93,"Geisslová, Irma",Domov.,1855.0,1915.0,Swww.Swww.|Sw.w.w.S.www.|S.www.Sw.|Sw.S.www.|Swww.Sw.Sw.|Sw.Sww.w.Sw.|Sw.S.w.Sw.|w.w.Swww.|w.w.Sw.Swww.|Sw.Sw.Swww.|Sww.w.Sw.|Sw.Sw.Sw.|,T3_T4
94,"Heyduk, Adolf",478. Proč přišli jsme? Ta otázka nás mučí;,1835.0,1902.0,w.Sw.w.w.Sww.w.Sw.|w.Swww.Sw.Sw.S.|w.S.w.S.w.Sww.w.Sw.|,J5
95,"Čech, Svatopluk",DO SVĚTA ŠIRÉHO. (X.),1846.0,1910.0,w.w.Sw.S.www.|w.w.Sw.S.w.S.|Sw.Sw.S.w.Sw.|Sw.S.w.Sw.S.|Sw.Sw.Sw.Sw.|Sw.Sw.Sww.|Sw.S.w.Sw.Sw.|Sw.Sw.Sww.|w.w.Sw.S.w.Sw.|Sw.Sw.Sw.S.|Sw.Swww.Sw.|Sw.Sww.w.S.|Sw.Sw.Sw.Sw.|Sw.Sw.Sw.S.|Sw.Sw.Sw.Sw.|Sw.Sw.Sw.S.|Sw.w.S.Sw.Sw.|S.w.Sw.Sw.w.|w.w.Sw.Sw.Sw.|Sw.Sw.S.w.S.|S.S.Sw.S.w.Sw.|Sw.S.w.Sw.S.|Sww.w.S.www.|Sw.Sw.Sw.w.|w.S.Sw.Sw.Sw.|Sww.w.Sw.S.|Sw.Sw.Sw.Sw.|Sw.Sw.Sw.S.|Sw.Sw.Swww.|Sw.S.w.Sw.S.|Sw.Sw.Sw.Sw.|Sw.S.w.S.w.S.|,T4
96,"Červinka, Adolf",NA POMEZÍ.,1875.0,1907.0,Sw.Sw.Swww.|S.ww.w.Sww.|Sww.w.Sw.Sw.|Sw.Sw.S.w.Sw.|w.w.Sw.Sww.|S.w.Sw.Swww.|Sw.Sw.S.ww.|Sw.S.S.w.w.Sw.|w.w.Sw.Sw.Sw.|Sww.w.Sww.|Sw.w.w.Sw.Sw.|w.w.Sw.Sw.w.|Sww.w.Sw.Sw.|Sw.Sw.Swww.|Swww.Sw.S.|w.w.Sw.Sw.Sw.|Sw.Sw.S.w.S.|Sww.w.Sw.Sw.|w.w.Sw.Sw.Sw.|Sw.Sw.Sw.S.|Sw.Sw.Sw.Sw.|Swww.Sw.S.|Sw.w.w.Swww.|S.www.w.S.ww.|S.w.Sw.Sww.|,T4
97,"Popelka, Stanislav",SIROTEK. (III.),,1911.0,S.Sw.S.w.Sw.Sw.|Sww.w.Sw.S.w.Sw.|Sww.Sw.w.w.w.w.Sw.|S.w.w.Sw.Sww.S.Sw.|w.Sw.S.w.Sw.Sw.Sw.|w.w.w.Sw.S.w.Swww.|Sw.Sww.w.S.w.Sww.w.|Sww.Sw.Sw.Sw.Sw.Sw.|w.Sw.Sw.Sw.Sw.Sw.|S.Sw.Sw.w.Sw.S.w.Sw.|S.Sw.Sw.S.w.Sw.Sw.|w.Sw.Sw.w.w.Sw.S.w.|w.S.w.S.w.S.w.Sw.Sw.|w.Sw.Swww.Sw.|w.Sw.Sw.S.w.Sw.Sw.|w.Sw.Sw.w.Sw.w.w.Sw.|w.Sw.w.w.Sw.S.w.Sw.|S.Sw.w.w.Sww.w.Sw.|w.Sw.w.w.S.w.w.w.Sw.|w.Sww.w.Sw.Sw.Sw.|Sw.S.w.S.w.Swww.|,J5
98,"Klášterský, Antonín",BALLADA VELKONOČNÍ.,1866.0,1912.0,S.w.Sw.Sw.Sw.|Sw.Sw.Sw.Sw.|S.www.Sw.Sw.|w.w.Sw.S.w.Sw.|Sww.w.Sw.Sw.|S.ww.w.Sw.Sw.|w.w.Sw.Sw.Sw.|w.w.S.w.Sw.Sw.|S.www.Sw.Sw.|Sw.Sw.S.w.Sw.|Sww.w.S.w.Sw.|w.w.Sw.S.w.Sw.|w.w.Sw.S.S.Sw.|S.w.Sw.S.w.Sw.|Sw.Sw.S.w.Sw.|Sw.S.w.Sw.Sw.|Sw.S.S.Sw.S.w.|Sw.S.S.S.w.Sw.|Sww.w.Sw.Sw.|Sw.S.w.Sw.Sw.|Sw.S.w.Sw.Sw.|Sww.w.Sw.Sw.|Sw.w.w.Sw.Sw.|Sw.w.w.S.w.Sw.|Sww.w.Sw.Sw.|Sww.w.Sw.Sw.|Sw.w.w.Sw.Sw.|Sww.w.Sw.Sw.|w.w.Sw.S.w.Sw.|w.w.Sw.Sw.Sw.|Sw.S.w.Sw.Sw.|Sw.Sw.Sw.Sw.|Sww.S.Sw.Sw.|Sww.S.Sw.Sw.|Sw.Sw.Swww.|Sww.w.Sw.Sw.|Swww.Sw.Sw.|Sww.w.Sw.Sw.|Sww.w.Sw.Sw.|S.w.Sw.S.www.|Sw.w.w.Sw.Sw.|w.w.Sw.Sw.Sw.|Sw.Sw.S.w.Sw.|Sw.Sw.Swww.|Sww.w.Sw.Sw.|Sww.w.Sw.Sw.|Sww.w.Sw.Sw.|Sw.w.w.Sw.Sw.|S.w.Sw.Sw.Sw.|Sw.Sw.Sw.Sw.|Sww.w.S.www.|Sw.S.w.Swww.|S.www.Sw.Sw.|Sww.w.S.w.Sw.|w.S.Sw.Sw.Sw.|Sw.w.w.S.w.Sw.|S.w.Sw.Sw.Sw.|S.w.Sw.Sw.Sw.|w.w.w.w.Swww.|Sww.w.Sw.Sw.|S.w.Sw.Swww.|Sw.w.w.Swww.|w.w.Sw.Sw.Sw.|Sww.w.Swww.|Sw.Sw.Sw.Sw.|Sw.Sw.Sw.Sw.|S.w.S.w.Sw.Sw.|Sw.w.S.Sw.Sw.|S.w.Sw.Sw.Sw.|Sw.S.w.Sw.Sw.|w.w.Sw.Sw.Sw.|w.w.Sw.S.w.Sw.|,T4
99,"Kamarýt, Josef Vlastimil",631.,1797.0,1834.0,Swww.Sw.|w.w.Sw.Sw.|,T3
